{
    "name": "root",
    "gauges": {
        "MyBehavior.Policy.Entropy.mean": {
            "value": 2.682140588760376,
            "min": 2.23111629486084,
            "max": 2.682140588760376,
            "count": 240
        },
        "MyBehavior.Policy.Entropy.sum": {
            "value": 26955.513671875,
            "min": 22363.48828125,
            "max": 26955.513671875,
            "count": 240
        },
        "MyBehavior.Step.mean": {
            "value": 3119990.0,
            "min": 729956.0,
            "max": 3119990.0,
            "count": 240
        },
        "MyBehavior.Step.sum": {
            "value": 3119990.0,
            "min": 729956.0,
            "max": 3119990.0,
            "count": 240
        },
        "MyBehavior.Policy.ExtrinsicValueEstimate.mean": {
            "value": -1.3157545328140259,
            "min": -2.7589054107666016,
            "max": -1.120575189590454,
            "count": 240
        },
        "MyBehavior.Policy.ExtrinsicValueEstimate.sum": {
            "value": -211.83648681640625,
            "min": -444.18377685546875,
            "max": -180.41259765625,
            "count": 240
        },
        "MyBehavior.Policy.CuriosityValueEstimate.mean": {
            "value": 0.8957949876785278,
            "min": 0.8309406042098999,
            "max": 1.1839853525161743,
            "count": 240
        },
        "MyBehavior.Policy.CuriosityValueEstimate.sum": {
            "value": 144.22299194335938,
            "min": 132.55740356445312,
            "max": 190.62164306640625,
            "count": 240
        },
        "MyBehavior.Environment.EpisodeLength.mean": {
            "value": 1415.25,
            "min": 844.2727272727273,
            "max": 1499.0,
            "count": 240
        },
        "MyBehavior.Environment.EpisodeLength.sum": {
            "value": 11322.0,
            "min": 8727.0,
            "max": 11322.0,
            "count": 240
        },
        "MyBehavior.Environment.CumulativeReward.mean": {
            "value": -16.85787517594872,
            "min": -23.656813023844734,
            "max": -14.312528282536991,
            "count": 240
        },
        "MyBehavior.Environment.CumulativeReward.sum": {
            "value": -134.86300140758976,
            "min": -203.36150277685374,
            "max": -90.81000106874853,
            "count": 240
        },
        "MyBehavior.Policy.ExtrinsicReward.mean": {
            "value": -16.85787517594872,
            "min": -23.656813023844734,
            "max": -14.312528282536991,
            "count": 240
        },
        "MyBehavior.Policy.ExtrinsicReward.sum": {
            "value": -134.86300140758976,
            "min": -203.36150277685374,
            "max": -90.81000106874853,
            "count": 240
        },
        "MyBehavior.Policy.CuriosityReward.mean": {
            "value": 12.58392040617764,
            "min": 0.0,
            "max": 18.868247042809212,
            "count": 240
        },
        "MyBehavior.Policy.CuriosityReward.sum": {
            "value": 100.67136324942112,
            "min": 0.0,
            "max": 142.76439636200666,
            "count": 240
        },
        "MyBehavior.IsTraining.mean": {
            "value": 1.0,
            "min": 1.0,
            "max": 1.0,
            "count": 240
        },
        "MyBehavior.IsTraining.sum": {
            "value": 1.0,
            "min": 1.0,
            "max": 1.0,
            "count": 240
        },
        "MyBehavior.Losses.PolicyLoss.mean": {
            "value": 0.09958385867765918,
            "min": 0.08858469008945159,
            "max": 0.10449225562186833,
            "count": 119
        },
        "MyBehavior.Losses.PolicyLoss.sum": {
            "value": 0.09958385867765918,
            "min": 0.08858469008945159,
            "max": 0.10449225562186833,
            "count": 119
        },
        "MyBehavior.Losses.ValueLoss.mean": {
            "value": 0.043174162570533914,
            "min": 0.029571916839589898,
            "max": 0.07684227034223441,
            "count": 119
        },
        "MyBehavior.Losses.ValueLoss.sum": {
            "value": 0.043174162570533914,
            "min": 0.029571916839589898,
            "max": 0.07684227034223441,
            "count": 119
        },
        "MyBehavior.Policy.LearningRate.mean": {
            "value": 9.379229420771204e-05,
            "min": 9.379229420771204e-05,
            "max": 9.851965748034401e-05,
            "count": 119
        },
        "MyBehavior.Policy.LearningRate.sum": {
            "value": 9.379229420771204e-05,
            "min": 9.379229420771204e-05,
            "max": 9.851965748034401e-05,
            "count": 119
        },
        "MyBehavior.Policy.Epsilon.mean": {
            "value": 0.146896144,
            "min": 0.146896144,
            "max": 0.14925982799999993,
            "count": 119
        },
        "MyBehavior.Policy.Epsilon.sum": {
            "value": 0.146896144,
            "min": 0.146896144,
            "max": 0.14925982799999993,
            "count": 119
        },
        "MyBehavior.Policy.Beta.mean": {
            "value": 0.004690235171200001,
            "min": 0.004690235171200001,
            "max": 0.0049261308344,
            "count": 119
        },
        "MyBehavior.Policy.Beta.sum": {
            "value": 0.004690235171200001,
            "min": 0.004690235171200001,
            "max": 0.0049261308344,
            "count": 119
        },
        "MyBehavior.Losses.CuriosityForwardLoss.mean": {
            "value": 0.09267886953589063,
            "min": 0.08477258364470622,
            "max": 0.11916331308058058,
            "count": 119
        },
        "MyBehavior.Losses.CuriosityForwardLoss.sum": {
            "value": 0.09267886953589063,
            "min": 0.08477258364470622,
            "max": 0.11916331308058058,
            "count": 119
        },
        "MyBehavior.Losses.CuriosityInverseLoss.mean": {
            "value": 5.6000796052467585,
            "min": 2.032790758104497,
            "max": 5.632064239082173,
            "count": 119
        },
        "MyBehavior.Losses.CuriosityInverseLoss.sum": {
            "value": 5.6000796052467585,
            "min": 2.032790758104497,
            "max": 5.632064239082173,
            "count": 119
        }
    },
    "metadata": {
        "timer_format_version": "0.1.0",
        "start_time_seconds": "1756052737",
        "python_version": "3.9.9 (tags/v3.9.9:ccb0e6a, Nov 15 2021, 18:08:50) [MSC v.1929 64 bit (AMD64)]",
        "command_line_arguments": "C:\\Users\\user1\\Unity 2D Platformer for Complete Beginners\\myenv39\\Scripts\\mlagents-learn config/config.yaml --run-id=NewBossTrain10 --time-scale=3 --resume",
        "mlagents_version": "0.26.0",
        "mlagents_envs_version": "0.26.0",
        "communication_protocol_version": "1.5.0",
        "pytorch_version": "2.7.0+cu118",
        "numpy_version": "1.21.2",
        "end_time_seconds": "1756102839"
    },
    "total": 50102.330432300005,
    "count": 1,
    "self": 0.027135899996210355,
    "children": {
        "run_training.setup": {
            "total": 0.25437010000000004,
            "count": 1,
            "self": 0.25437010000000004
        },
        "TrainerController.start_learning": {
            "total": 50102.048926300005,
            "count": 1,
            "self": 64.44264409812604,
            "children": {
                "TrainerController._reset_env": {
                    "total": 36.740025100000004,
                    "count": 1,
                    "self": 36.740025100000004
                },
                "TrainerController.advance": {
                    "total": 50000.58642620188,
                    "count": 2401931,
                    "self": 55.387838199720136,
                    "children": {
                        "env_step": {
                            "total": 43608.31306640178,
                            "count": 2401931,