{
    "name": "root",
    "metadata": {
        "timer_format_version": "0.1.0",
        "start_time_seconds": "1755668040",
        "python_version": "3.9.9 (tags/v3.9.9:ccb0e6a, Nov 15 2021, 18:08:50) [MSC v.1929 64 bit (AMD64)]",
        "command_line_arguments": "C:\\Users\\user1\\Unity 2D Platformer for Complete Beginners\\myenv39\\Scripts\\mlagents-learn config/config.yaml --run-id=NewBossTrain4 --time-scale=3 --resume",
        "mlagents_version": "0.26.0",
        "mlagents_envs_version": "0.26.0",
        "communication_protocol_version": "1.5.0",
        "pytorch_version": "2.7.0+cu118",
        "numpy_version": "1.21.2",
        "end_time_seconds": "1755668092"
    },
    "total": 51.985289,
    "count": 1,
    "self": 0.020580500000001223,
    "children": {
        "run_training.setup": {
            "total": 0.3699904000000007,
            "count": 1,
            "self": 0.3699904000000007
        },
        "TrainerController.start_learning": {
            "total": 51.5947181,
            "count": 1,
            "self": 0.02348159999996824,
            "children": {
                "TrainerController._reset_env": {
                    "total": 24.793028399999997,
                    "count": 1,
                    "self": 24.793028399999997
                },
                "TrainerController.advance": {
                    "total": 26.462682800000046,
                    "count": 1066,
                    "self": 0.022435899999997844,
                    "children": {
                        "env_step": {
                            "total": 26.213984899999986,
                            "count": 1066,
                            "self": 17.45291260000019,
                            "children": {
                                "SubprocessEnvManager._take_step": {
                                    "total": 8.747194999999884,
                                    "count": 1066,
                                    "self": 0.07930089999987189,
                                    "children": {
                                        "TorchPolicy.evaluate": {
                                            "total": 8.667894100000012,
                                            "count": 1066,
                                            "self": 1.8579772000000432,
                                            "children": {
                                                "TorchPolicy.sample_actions": {
                                                    "total": 6.809916899999969,
                                                    "count": 1066,
                                                    "self": 6.809916899999969
                                                }
                                            }
                                        }
                                    }
                                },
                                "workers": {
                                    "total": 0.01387729999991194,
                                    "count": 1065,
                                    "self": 0.0,
                                    "children": {
                                        "worker_root": {
                                            "total": 30.283718800000038,
                                            "count": 1065,
                                            "is_parallel": true,
                                            "self": 14.15339320000011,
                                            "children": {
                                                "steps_from_proto": {
                                                    "total": 0.0006550999999994644,
                                                    "count": 1,
                                                    "is_parallel": true,
                                                    "self": 0.00037489999999706924,
                                                    "children": {
                                                        "_process_rank_one_or_two_observation": {
                                                            "total": 0.0002802000000023952,
                                                            "count": 2,
                                                            "is_parallel": true,
                                                            "self": 0.0002802000000023952
                                                        }
                                                    }
                                                },
                                                "UnityEnvironment.step": {
                                                    "total": 16.12967049999993,
                                                    "count": 1065,
                                                    "is_parallel": true,
                                                    "self": 0.09108089999987001,
                                                    "children": {
                                                        "UnityEnvironment._generate_step_input": {
                                                            "total": 0.08525930000009296,
                                                            "count": 1065,
                                                            "is_parallel": true,
                                                            "self": 0.08525930000009296
                                                        },
                                                        "communicator.exchange": {
                                                            "total": 15.612393499999946,
                                                            "count": 1065,
                                                            "is_parallel": true,
                                                            "self": 15.612393499999946
                                                        },
                                                        "steps_from_proto": {
                                                            "total": 0.34093680000001925,
                                                            "count": 1065,
                                                            "is_parallel": true,
                                                            "self": 0.2191637000000739,
                                                            "children": {
                                                                "_process_rank_one_or_two_observation": {
                                                                    "total": 0.12177309999994534,
                                                                    "count": 2130,
                                                                    "is_parallel": true,
                                                                    "self": 0.12177309999994534
                                                                }
                                                            }
                                                        }
                                                    }
                                                }
                                            }
                                        }
                                    }
                                }
                            }
                        },
                        "trainer_advance": {
                            "total": 0.22626200000006236,
                            "count": 1065,
                            "self": 0.027304600000242374,
                            "children": {
                                "process_trajectory": {
                                    "total": 0.19895739999981998,
                                    "count": 1065,