{
    "name": "root",
    "gauges": {
        "MyBehavior.Policy.Entropy.mean": {
            "value": 4.924759387969971,
            "min": 4.61675500869751,
            "max": 4.989109992980957,
            "count": 311
        },
        "MyBehavior.Policy.Entropy.sum": {
            "value": 49218.04296875,
            "min": 28971.26171875,
            "max": 49985.89453125,
            "count": 311
        },
        "MyBehavior.Step.mean": {
            "value": 13619961.0,
            "min": 10519974.0,
            "max": 13619961.0,
            "count": 311
        },
        "MyBehavior.Step.sum": {
            "value": 13619961.0,
            "min": 10519974.0,
            "max": 13619961.0,
            "count": 311
        },
        "MyBehavior.Policy.ExtrinsicValueEstimate.mean": {
            "value": -0.1665095090866089,
            "min": -0.7652887105941772,
            "max": 0.08292907476425171,
            "count": 311
        },
        "MyBehavior.Policy.ExtrinsicValueEstimate.sum": {
            "value": -26.641521453857422,
            "min": -122.44619750976562,
            "max": 13.268651962280273,
            "count": 311
        },
        "MyBehavior.Policy.CuriosityValueEstimate.mean": {
            "value": 0.050621069967746735,
            "min": -2.538053274154663,
            "max": 2.3472847938537598,
            "count": 311
        },
        "MyBehavior.Policy.CuriosityValueEstimate.sum": {
            "value": 8.099370956420898,
            "min": -403.55047607421875,
            "max": 375.5655517578125,
            "count": 311
        },
        "MyBehavior.Environment.EpisodeLength.mean": {
            "value": 1440.6666666666667,
            "min": 982.8,
            "max": 1608.5,
            "count": 311
        },
        "MyBehavior.Environment.EpisodeLength.sum": {
            "value": 8644.0,
            "min": 5147.0,
            "max": 11391.0,
            "count": 311
        },
        "MyBehavior.Environment.CumulativeReward.mean": {
            "value": -0.774998776614666,
            "min": -9.56555411633518,
            "max": 2.516200777888298,
            "count": 311
        },
        "MyBehavior.Environment.CumulativeReward.sum": {
            "value": -4.649992659687996,
            "min": -86.08998704701662,
            "max": 25.16200777888298,
            "count": 311
        },
        "MyBehavior.Policy.ExtrinsicReward.mean": {
            "value": -0.774998776614666,
            "min": -9.56555411633518,
            "max": 2.516200777888298,
            "count": 311
        },
        "MyBehavior.Policy.ExtrinsicReward.sum": {
            "value": -4.649992659687996,
            "min": -86.08998704701662,
            "max": 25.16200777888298,
            "count": 311
        },
        "MyBehavior.Policy.CuriosityReward.mean": {
            "value": 22.40734821309646,
            "min": 0.0,
            "max": 26.395260737588007,
            "count": 311
        },
        "MyBehavior.Policy.CuriosityReward.sum": {
            "value": 134.44408927857876,
            "min": 0.0,
            "max": 236.23149295151234,
            "count": 311
        },
        "MyBehavior.IsTraining.mean": {
            "value": 1.0,
            "min": 1.0,
            "max": 1.0,
            "count": 311
        },
        "MyBehavior.IsTraining.sum": {
            "value": 1.0,
            "min": 1.0,
            "max": 1.0,
            "count": 311
        },
        "MyBehavior.Losses.PolicyLoss.mean": {
            "value": 0.09401113207976365,
            "min": 0.08022438664040385,
            "max": 0.10392292800387289,
            "count": 155
        },
        "MyBehavior.Losses.PolicyLoss.sum": {
            "value": 0.09401113207976365,
            "min": 0.08022438664040385,
            "max": 0.10392292800387289,
            "count": 155
        },
        "MyBehavior.Losses.ValueLoss.mean": {
            "value": 1.2648633707664971,
            "min": 0.04270508995828911,
            "max": 1.6191210422161035,
            "count": 155
        },
        "MyBehavior.Losses.ValueLoss.sum": {
            "value": 1.2648633707664971,
            "min": 0.04270508995828911,
            "max": 1.6191210422161035,
            "count": 155
        },
        "MyBehavior.Policy.LearningRate.mean": {
            "value": 3.190634309372499e-05,
            "min": 3.190634309372499e-05,
            "max": 4.733039266966e-05,
            "count": 155
        },
        "MyBehavior.Policy.LearningRate.sum": {
            "value": 3.190634309372499e-05,
            "min": 3.190634309372499e-05,
            "max": 4.733039266966e-05,
            "count": 155
        },
        "MyBehavior.Policy.Epsilon.mean": {
            "value": 0.11595313750000001,
            "min": 0.11595313750000001,
            "max": 0.12366517,
            "count": 155
        },
        "MyBehavior.Policy.Epsilon.sum": {
            "value": 0.11595313750000001,
            "min": 0.11595313750000001,
            "max": 0.12366517,
            "count": 155
        },
        "MyBehavior.Policy.Beta.mean": {
            "value": 0.0016021231225,
            "min": 0.0016021231225,
            "max": 0.002371783966,
            "count": 155
        },
        "MyBehavior.Policy.Beta.sum": {
            "value": 0.0016021231225,
            "min": 0.0016021231225,
            "max": 0.002371783966,
            "count": 155
        },
        "MyBehavior.Losses.CuriosityForwardLoss.mean": {
            "value": 0.1478628533311252,
            "min": 0.13354880050919687,
            "max": 0.20859180468843025,
            "count": 155
        },
        "MyBehavior.Losses.CuriosityForwardLoss.sum": {
            "value": 0.1478628533311252,
            "min": 0.13354880050919687,
            "max": 0.20859180468843025,
            "count": 155
        },
        "MyBehavior.Losses.CuriosityInverseLoss.mean": {
            "value": 21.70981090089195,
            "min": 15.445728898175354,
            "max": 21.70981090089195,
            "count": 155
        },
        "MyBehavior.Losses.CuriosityInverseLoss.sum": {
            "value": 21.70981090089195,
            "min": 15.445728898175354,
            "max": 21.70981090089195,
            "count": 155
        }
    },
    "metadata": {
        "timer_format_version": "0.1.0",
        "start_time_seconds": "1749489695",
        "python_version": "3.9.9 (tags/v3.9.9:ccb0e6a, Nov 15 2021, 18:08:50) [MSC v.1929 64 bit (AMD64)]",
        "command_line_arguments": "C:\\Users\\user1\\Unity 2D Platformer for Complete Beginners\\myenv39\\Scripts\\mlagents-learn config/config.yaml --run-id=BossPart1Try7 --time-scale=3 --torch-device cpu --resume",
        "mlagents_version": "0.26.0",
        "mlagents_envs_version": "0.26.0",
        "communication_protocol_version": "1.5.0",
        "pytorch_version": "2.7.0+cu118",
        "numpy_version": "1.21.2",
        "end_time_seconds": "1749544176"
    },
    "total": 54481.2455259,
    "count": 1,
    "self": 0.035245700004452374,
    "children": {
        "run_training.setup": {
            "total": 0.34537309999999977,
            "count": 1,
            "self": 0.34537309999999977
        },
        "TrainerController.start_learning": {
            "total": 54480.864907099996,
            "count": 1,
            "self": 101.33884039469558,
            "children": {
                "TrainerController._reset_env": {
                    "total": 49.2344648,
                    "count": 1,
                    "self": 49.2344648
                },
                "TrainerController.advance": {
                    "total": 54330.0533067053,
                    "count": 3109618,
                    "self": 95.81616800727352,
                    "children": {
                        "env_step": {
                            "total": 49051.006067698894,
                            "count": 3109618,