{
    "name": "root",
    "gauges": {
        "MyBehavior.Policy.Entropy.mean": {
            "value": 5.0190534591674805,
            "min": 4.898396015167236,
            "max": 5.140111446380615,
            "count": 258
        },
        "MyBehavior.Policy.Entropy.sum": {
            "value": 50180.49609375,
            "min": 3947.605712890625,
            "max": 51487.9765625,
            "count": 258
        },
        "MyBehavior.Step.mean": {
            "value": 27609946.0,
            "min": 25039971.0,
            "max": 27609946.0,
            "count": 258
        },
        "MyBehavior.Step.sum": {
            "value": 27609946.0,
            "min": 25039971.0,
            "max": 27609946.0,
            "count": 258
        },
        "MyBehavior.Policy.ExtrinsicValueEstimate.mean": {
            "value": -0.2630791962146759,
            "min": -0.42564657330513,
            "max": -0.03583994135260582,
            "count": 258
        },
        "MyBehavior.Policy.ExtrinsicValueEstimate.sum": {
            "value": -41.82958984375,
            "min": -67.67780303955078,
            "max": -0.3942393362522125,
            "count": 258
        },
        "MyBehavior.Policy.CuriosityValueEstimate.mean": {
            "value": 2.827623128890991,
            "min": 2.1789746284484863,
            "max": 2.873567581176758,
            "count": 258
        },
        "MyBehavior.Policy.CuriosityValueEstimate.sum": {
            "value": 449.5920715332031,
            "min": 27.89263153076172,
            "max": 459.77081298828125,
            "count": 258
        },
        "MyBehavior.IsTraining.mean": {
            "value": 1.0,
            "min": 1.0,
            "max": 1.0,
            "count": 258
        },
        "MyBehavior.IsTraining.sum": {
            "value": 1.0,
            "min": 1.0,
            "max": 1.0,
            "count": 258
        },
        "MyBehavior.Environment.EpisodeLength.mean": {
            "value": 1845.0,
            "min": 1282.375,
            "max": 2504.25,
            "count": 257
        },
        "MyBehavior.Environment.EpisodeLength.sum": {
            "value": 9225.0,
            "min": 7282.0,
            "max": 12600.0,
            "count": 257
        },
        "MyBehavior.Environment.CumulativeReward.mean": {
            "value": -5.6459983959794044,
            "min": -9.397665201375881,
            "max": 0.4954451036949952,
            "count": 257
        },
        "MyBehavior.Environment.CumulativeReward.sum": {
            "value": -28.229991979897022,
            "min": -60.08232293277979,
            "max": 2.9726706221699715,
            "count": 257
        },
        "MyBehavior.Policy.ExtrinsicReward.mean": {
            "value": -5.6459983959794044,
            "min": -9.397665201375881,
            "max": 0.4954451036949952,
            "count": 257
        },
        "MyBehavior.Policy.ExtrinsicReward.sum": {
            "value": -28.229991979897022,
            "min": -60.08232293277979,
            "max": 2.9726706221699715,
            "count": 257
        },
        "MyBehavior.Policy.CuriosityReward.mean": {
            "value": 56.54197964668274,
            "min": 0.0,
            "max": 71.3377091307193,
            "count": 257
        },
        "MyBehavior.Policy.CuriosityReward.sum": {
            "value": 282.7098982334137,
            "min": 0.0,
            "max": 343.0713270306587,
            "count": 257
        },
        "MyBehavior.Losses.PolicyLoss.mean": {
            "value": 0.08967733226321772,
            "min": 0.08967733226321772,
            "max": 0.10451097461209895,
            "count": 128
        },
        "MyBehavior.Losses.PolicyLoss.sum": {
            "value": 0.08967733226321772,
            "min": 0.08967733226321772,
            "max": 0.10451097461209895,
            "count": 128
        },
        "MyBehavior.Losses.ValueLoss.mean": {
            "value": 0.08430585153876974,
            "min": 0.03620512856262075,
            "max": 0.09303028272210151,
            "count": 128
        },
        "MyBehavior.Losses.ValueLoss.sum": {
            "value": 0.08430585153876974,
            "min": 0.03620512856262075,
            "max": 0.09303028272210151,
            "count": 128
        },
        "MyBehavior.Policy.LearningRate.mean": {
            "value": 4.4793231206824e-05,
            "min": 4.4793231206824e-05,
            "max": 4.9881388118661984e-05,
            "count": 128
        },
        "MyBehavior.Policy.LearningRate.sum": {
            "value": 4.4793231206824e-05,
            "min": 4.4793231206824e-05,
            "max": 4.9881388118661984e-05,
            "count": 128
        },
        "MyBehavior.Policy.Epsilon.mean": {
            "value": 0.122396588,
            "min": 0.122396588,
            "max": 0.12494066899999995,
            "count": 128
        },
        "MyBehavior.Policy.Epsilon.sum": {
            "value": 0.122396588,
            "min": 0.122396588,
            "max": 0.12494066899999995,
            "count": 128
        },
        "MyBehavior.Policy.Beta.mean": {
            "value": 0.0022451794824000005,
            "min": 0.0022451794824000005,
            "max": 0.0024990787662,
            "count": 128
        },
        "MyBehavior.Policy.Beta.sum": {
            "value": 0.0022451794824000005,
            "min": 0.0022451794824000005,
            "max": 0.0024990787662,
            "count": 128
        },
        "MyBehavior.Losses.CuriosityForwardLoss.mean": {
            "value": 0.2925678265139191,
            "min": 0.21769117045765504,
            "max": 0.3000127541276213,
            "count": 128
        },
        "MyBehavior.Losses.CuriosityForwardLoss.sum": {
            "value": 0.2925678265139191,
            "min": 0.21769117045765504,
            "max": 0.3000127541276213,
            "count": 128
        },
        "MyBehavior.Losses.CuriosityInverseLoss.mean": {
            "value": 55.67662123496286,
            "min": 44.90302147626623,
            "max": 56.790385834325235,
            "count": 128
        },
        "MyBehavior.Losses.CuriosityInverseLoss.sum": {
            "value": 55.67662123496286,
            "min": 44.90302147626623,
            "max": 56.790385834325235,
            "count": 128
        }
    },
    "metadata": {
        "timer_format_version": "0.1.0",
        "start_time_seconds": "1750345852",
        "python_version": "3.9.9 (tags/v3.9.9:ccb0e6a, Nov 15 2021, 18:08:50) [MSC v.1929 64 bit (AMD64)]",
        "command_line_arguments": "C:\\Users\\user1\\Unity 2D Platformer for Complete Beginners\\myenv39\\Scripts\\mlagents-learn config/config.yaml --run-id=BossPart1Try7 --time-scale=3 --torch-device cpu --resume",
        "mlagents_version": "0.26.0",
        "mlagents_envs_version": "0.26.0",
        "communication_protocol_version": "1.5.0",
        "pytorch_version": "2.7.0+cu118",
        "numpy_version": "1.21.2",
        "end_time_seconds": "1750417402"
    },
    "total": 71546.4671729,
    "count": 1,
    "self": 0.037539400000241585,
    "children": {
        "run_training.setup": {
            "total": 0.3583572000000004,
            "count": 1,
            "self": 0.3583572000000004
        },
        "TrainerController.start_learning": {
            "total": 71546.07127629999,
            "count": 1,
            "self": 126.6052225024614,
            "children": {
                "TrainerController._reset_env": {
                    "total": 59.1657575,
                    "count": 1,
                    "self": 59.1657575
                },
                "TrainerController.advance": {
                    "total": 71359.95341639753,
                    "count": 2577683,
                    "self": 119.6241349070624,
                    "children": {
                        "env_step": {
                            "total": 64210.93593199944,
                            "count": 2577683,