{
    "name": "root",
    "gauges": {
        "MyBehavior.Policy.Entropy.mean": {
            "value": 4.1068291664123535,
            "min": 3.9270269870758057,
            "max": 5.016087532043457,
            "count": 576
        },
        "MyBehavior.Policy.Entropy.sum": {
            "value": 41060.078125,
            "min": 32120.1640625,
            "max": 50201.046875,
            "count": 576
        },
        "MyBehavior.Step.mean": {
            "value": 19379992.0,
            "min": 13629940.0,
            "max": 19379992.0,
            "count": 576
        },
        "MyBehavior.Step.sum": {
            "value": 19379992.0,
            "min": 13629940.0,
            "max": 19379992.0,
            "count": 576
        },
        "MyBehavior.Policy.ExtrinsicValueEstimate.mean": {
            "value": 0.1756746917963028,
            "min": -0.1279781460762024,
            "max": 0.2982202172279358,
            "count": 576
        },
        "MyBehavior.Policy.ExtrinsicValueEstimate.sum": {
            "value": 28.283626556396484,
            "min": -20.34852409362793,
            "max": 47.417015075683594,
            "count": 576
        },
        "MyBehavior.Policy.CuriosityValueEstimate.mean": {
            "value": 1.4389934539794922,
            "min": -2.1929240226745605,
            "max": 1.6475448608398438,
            "count": 576
        },
        "MyBehavior.Policy.CuriosityValueEstimate.sum": {
            "value": 231.67794799804688,
            "min": -348.6749267578125,
            "max": 265.2547302246094,
            "count": 576
        },
        "MyBehavior.Environment.EpisodeLength.mean": {
            "value": 954.4545454545455,
            "min": 805.7692307692307,
            "max": 1770.0,
            "count": 576
        },
        "MyBehavior.Environment.EpisodeLength.sum": {
            "value": 10499.0,
            "min": 5433.0,
            "max": 11501.0,
            "count": 576
        },
        "MyBehavior.Environment.CumulativeReward.mean": {
            "value": 0.771819334815849,
            "min": -5.238141403666565,
            "max": 4.5242227547698555,
            "count": 576
        },
        "MyBehavior.Environment.CumulativeReward.sum": {
            "value": 8.490012682974339,
            "min": -36.66698982566595,
            "max": 40.718004792928696,
            "count": 576
        },
        "MyBehavior.Policy.ExtrinsicReward.mean": {
            "value": 0.771819334815849,
            "min": -5.238141403666565,
            "max": 4.5242227547698555,
            "count": 576
        },
        "MyBehavior.Policy.ExtrinsicReward.sum": {
            "value": 8.490012682974339,
            "min": -36.66698982566595,
            "max": 40.718004792928696,
            "count": 576
        },
        "MyBehavior.Policy.CuriosityReward.mean": {
            "value": 16.04623124477538,
            "min": 0.0,
            "max": 31.994913895148784,
            "count": 576
        },
        "MyBehavior.Policy.CuriosityReward.sum": {
            "value": 176.5085436925292,
            "min": 0.0,
            "max": 255.95931116119027,
            "count": 576
        },
        "MyBehavior.IsTraining.mean": {
            "value": 1.0,
            "min": 1.0,
            "max": 1.0,
            "count": 576
        },
        "MyBehavior.IsTraining.sum": {
            "value": 1.0,
            "min": 1.0,
            "max": 1.0,
            "count": 576
        },
        "MyBehavior.Losses.PolicyLoss.mean": {
            "value": 0.09280536621801543,
            "min": 0.08794419811906704,
            "max": 0.10502712568615319,
            "count": 287
        },
        "MyBehavior.Losses.PolicyLoss.sum": {
            "value": 0.09280536621801543,
            "min": 0.08794419811906704,
            "max": 0.10502712568615319,
            "count": 287
        },
        "MyBehavior.Losses.ValueLoss.mean": {
            "value": 0.04830944078823186,
            "min": 0.03070796873822458,
            "max": 0.48626014172362214,
            "count": 287
        },
        "MyBehavior.Losses.ValueLoss.sum": {
            "value": 0.04830944078823186,
            "min": 0.03070796873822458,
            "max": 0.48626014172362214,
            "count": 287
        },
        "MyBehavior.Policy.LearningRate.mean": {
            "value": 3.137536862560003e-06,
            "min": 3.137536862560003e-06,
            "max": 3.1782323217745e-05,
            "count": 287
        },
        "MyBehavior.Policy.LearningRate.sum": {
            "value": 3.137536862560003e-06,
            "min": 3.137536862560003e-06,
            "max": 3.1782323217745e-05,
            "count": 287
        },
        "MyBehavior.Policy.Epsilon.mean": {
            "value": 0.10156871999999996,
            "min": 0.10156871999999996,
            "max": 0.11589112750000002,
            "count": 287
        },
        "MyBehavior.Policy.Epsilon.sum": {
            "value": 0.10156871999999996,
            "min": 0.10156871999999996,
            "max": 0.11589112750000002,
            "count": 287
        },
        "MyBehavior.Policy.Beta.mean": {
            "value": 0.00016655825600000014,
            "min": 0.00016655825600000014,
            "max": 0.0015959345245,
            "count": 287
        },
        "MyBehavior.Policy.Beta.sum": {
            "value": 0.00016655825600000014,
            "min": 0.00016655825600000014,
            "max": 0.0015959345245,
            "count": 287
        },
        "MyBehavior.Losses.CuriosityForwardLoss.mean": {
            "value": 0.15765838545516261,
            "min": 0.13578061279482567,
            "max": 0.2148046658382329,
            "count": 287
        },
        "MyBehavior.Losses.CuriosityForwardLoss.sum": {
            "value": 0.15765838545516261,
            "min": 0.13578061279482567,
            "max": 0.2148046658382329,
            "count": 287
        },
        "MyBehavior.Losses.CuriosityInverseLoss.mean": {
            "value": 21.27022003923726,
            "min": 20.682579637592674,
            "max": 22.19438040562165,
            "count": 287
        },
        "MyBehavior.Losses.CuriosityInverseLoss.sum": {
            "value": 21.27022003923726,
            "min": 20.682579637592674,
            "max": 22.19438040562165,
            "count": 287
        }
    },
    "metadata": {
        "timer_format_version": "0.1.0",
        "start_time_seconds": "1749552937",
        "python_version": "3.9.9 (tags/v3.9.9:ccb0e6a, Nov 15 2021, 18:08:50) [MSC v.1929 64 bit (AMD64)]",
        "command_line_arguments": "C:\\Users\\user1\\Unity 2D Platformer for Complete Beginners\\myenv39\\Scripts\\mlagents-learn config/config.yaml --run-id=BossPart1Try7 --time-scale=3 --torch-device cpu --resume",
        "mlagents_version": "0.26.0",
        "mlagents_envs_version": "0.26.0",
        "communication_protocol_version": "1.5.0",
        "pytorch_version": "2.7.0+cu118",
        "numpy_version": "1.21.2",
        "end_time_seconds": "1749627059"
    },
    "total": 74122.1087451,
    "count": 1,
    "self": 0.02904839999973774,
    "children": {
        "run_training.setup": {
            "total": 0.3277833999999995,
            "count": 1,
            "self": 0.3277833999999995
        },
        "TrainerController.start_learning": {
            "total": 74121.7519133,
            "count": 1,
            "self": 184.2355111000361,
            "children": {
                "TrainerController._reset_env": {
                    "total": 49.212035,
                    "count": 1,
                    "self": 49.212035
                },
                "TrainerController.advance": {
                    "total": 73888.07354389995,
                    "count": 5759191,
                    "self": 179.91382427343342,
                    "children": {
                        "env_step": {
                            "total": 63827.2618051153,