{
    "name": "root",
    "gauges": {
        "MyBehavior.Policy.Entropy.mean": {
            "value": 4.445140838623047,
            "min": 4.363349437713623,
            "max": 4.577986717224121,
            "count": 348
        },
        "MyBehavior.Policy.Entropy.sum": {
            "value": 44433.62890625,
            "min": 13932.779296875,
            "max": 45935.51953125,
            "count": 348
        },
        "MyBehavior.Step.mean": {
            "value": 8479975.0,
            "min": 5009965.0,
            "max": 8479975.0,
            "count": 348
        },
        "MyBehavior.Step.sum": {
            "value": 8479975.0,
            "min": 5009965.0,
            "max": 8479975.0,
            "count": 348
        },
        "MyBehavior.Policy.ExtrinsicValueEstimate.mean": {
            "value": 0.18901722133159637,
            "min": 0.05574819818139076,
            "max": 0.34271809458732605,
            "count": 348
        },
        "MyBehavior.Policy.ExtrinsicValueEstimate.sum": {
            "value": 30.242755889892578,
            "min": 9.031208038330078,
            "max": 54.4921760559082,
            "count": 348
        },
        "MyBehavior.Policy.CuriosityValueEstimate.mean": {
            "value": 1.3955504894256592,
            "min": 0.8880274891853333,
            "max": 1.5278202295303345,
            "count": 348
        },
        "MyBehavior.Policy.CuriosityValueEstimate.sum": {
            "value": 223.2880859375,
            "min": 48.97477340698242,
            "max": 244.45123291015625,
            "count": 348
        },
        "MyBehavior.Environment.EpisodeLength.mean": {
            "value": 1102.5555555555557,
            "min": 922.5,
            "max": 1378.375,
            "count": 348
        },
        "MyBehavior.Environment.EpisodeLength.sum": {
            "value": 9923.0,
            "min": 2495.0,
            "max": 11506.0,
            "count": 348
        },
        "MyBehavior.Environment.CumulativeReward.mean": {
            "value": 3.2297785042060747,
            "min": -0.6414435000883209,
            "max": 4.930778327087562,
            "count": 348
        },
        "MyBehavior.Environment.CumulativeReward.sum": {
            "value": 29.06800653785467,
            "min": -5.7729915007948875,
            "max": 44.37700494378805,
            "count": 348
        },
        "MyBehavior.Policy.ExtrinsicReward.mean": {
            "value": 3.2297785042060747,
            "min": -0.6414435000883209,
            "max": 4.930778327087562,
            "count": 348
        },
        "MyBehavior.Policy.ExtrinsicReward.sum": {
            "value": 29.06800653785467,
            "min": -5.7729915007948875,
            "max": 44.37700494378805,
            "count": 348
        },
        "MyBehavior.Policy.CuriosityReward.mean": {
            "value": 13.205285623669624,
            "min": 0.0,
            "max": 18.80647186031565,
            "count": 348
        },
        "MyBehavior.Policy.CuriosityReward.sum": {
            "value": 118.84757061302662,
            "min": 0.0,
            "max": 188.0647186031565,
            "count": 348
        },
        "MyBehavior.IsTraining.mean": {
            "value": 1.0,
            "min": 1.0,
            "max": 1.0,
            "count": 348
        },
        "MyBehavior.IsTraining.sum": {
            "value": 1.0,
            "min": 1.0,
            "max": 1.0,
            "count": 348
        },
        "MyBehavior.Losses.PolicyLoss.mean": {
            "value": 0.09955762122104121,
            "min": 0.08825032474275746,
            "max": 0.10691297266052231,
            "count": 173
        },
        "MyBehavior.Losses.PolicyLoss.sum": {
            "value": 0.09955762122104121,
            "min": 0.08825032474275746,
            "max": 0.10691297266052231,
            "count": 173
        },
        "MyBehavior.Losses.ValueLoss.mean": {
            "value": 0.03045163384844034,
            "min": 0.024749808984064363,
            "max": 0.06507207287715489,
            "count": 173
        },
        "MyBehavior.Losses.ValueLoss.sum": {
            "value": 0.03045163384844034,
            "min": 0.024749808984064363,
            "max": 0.06507207287715489,
            "count": 173
        },
        "MyBehavior.Policy.LearningRate.mean": {
            "value": 5.7636767363275016e-05,
            "min": 5.7636767363275016e-05,
            "max": 7.486541513460999e-05,
            "count": 173
        },
        "MyBehavior.Policy.LearningRate.sum": {
            "value": 5.7636767363275016e-05,
            "min": 5.7636767363275016e-05,
            "max": 7.486541513460999e-05,
            "count": 173
        },
        "MyBehavior.Policy.Epsilon.mean": {
            "value": 0.12881836250000006,
            "min": 0.12881836250000006,
            "max": 0.137432695,
            "count": 173
        },
        "MyBehavior.Policy.Epsilon.sum": {
            "value": 0.12881836250000006,
            "min": 0.12881836250000006,
            "max": 0.137432695,
            "count": 173
        },
        "MyBehavior.Policy.Beta.mean": {
            "value": 0.0028860725775000005,
            "min": 0.0028860725775000005,
            "max": 0.003745782961,
            "count": 173
        },
        "MyBehavior.Policy.Beta.sum": {
            "value": 0.0028860725775000005,
            "min": 0.0028860725775000005,
            "max": 0.003745782961,
            "count": 173
        },
        "MyBehavior.Losses.CuriosityForwardLoss.mean": {
            "value": 0.1212676156617709,
            "min": 0.09078037583579619,
            "max": 0.1354137013753892,
            "count": 173
        },
        "MyBehavior.Losses.CuriosityForwardLoss.sum": {
            "value": 0.1212676156617709,
            "min": 0.09078037583579619,
            "max": 0.1354137013753892,
            "count": 173
        },
        "MyBehavior.Losses.CuriosityInverseLoss.mean": {
            "value": 13.41068317588018,
            "min": 8.599183170204489,
            "max": 13.857288941868351,
            "count": 173
        },
        "MyBehavior.Losses.CuriosityInverseLoss.sum": {
            "value": 13.41068317588018,
            "min": 8.599183170204489,
            "max": 13.857288941868351,
            "count": 173
        }
    },
    "metadata": {
        "timer_format_version": "0.1.0",
        "start_time_seconds": "1749325709",
        "python_version": "3.9.9 (tags/v3.9.9:ccb0e6a, Nov 15 2021, 18:08:50) [MSC v.1929 64 bit (AMD64)]",
        "command_line_arguments": "C:\\Users\\user1\\Unity 2D Platformer for Complete Beginners\\myenv39\\Scripts\\mlagents-learn config/config.yaml --run-id=BossPart1Try7 --time-scale=3 --torch-device cpu --resume",
        "mlagents_version": "0.26.0",
        "mlagents_envs_version": "0.26.0",
        "communication_protocol_version": "1.5.0",
        "pytorch_version": "2.7.0+cu118",
        "numpy_version": "1.21.2",
        "end_time_seconds": "1749367957"
    },
    "total": 42248.3145669,
    "count": 1,
    "self": 0.025882300004013814,
    "children": {
        "run_training.setup": {
            "total": 0.3839711999999995,
            "count": 1,
            "self": 0.3839711999999995
        },
        "TrainerController.start_learning": {
            "total": 42247.9047134,
            "count": 1,
            "self": 111.21320370544709,
            "children": {
                "TrainerController._reset_env": {
                    "total": 24.6078427,
                    "count": 1,
                    "self": 24.6078427
                },
                "TrainerController.advance": {
                    "total": 42111.83350879455,
                    "count": 3479371,
                    "self": 109.03525249708036,
                    "children": {
                        "env_step": {
                            "total": 36768.9457376994,
                            "count": 3479371,