{
    "name": "root",
    "gauges": {
        "MyBehavior.Policy.Entropy.mean": {
            "value": 4.431286811828613,
            "min": 4.1265435218811035,
            "max": 4.460014343261719,
            "count": 281
        },
        "MyBehavior.Policy.Entropy.sum": {
            "value": 44374.90625,
            "min": 13635.861328125,
            "max": 44730.23828125,
            "count": 281
        },
        "MyBehavior.Step.mean": {
            "value": 4999997.0,
            "min": 2199989.0,
            "max": 4999997.0,
            "count": 281
        },
        "MyBehavior.Step.sum": {
            "value": 4999997.0,
            "min": 2199989.0,
            "max": 4999997.0,
            "count": 281
        },
        "MyBehavior.Policy.ExtrinsicValueEstimate.mean": {
            "value": 0.2998141050338745,
            "min": -0.08533667027950287,
            "max": 0.4897434711456299,
            "count": 281
        },
        "MyBehavior.Policy.ExtrinsicValueEstimate.sum": {
            "value": 48.27007293701172,
            "min": -13.739203453063965,
            "max": 78.9696273803711,
            "count": 281
        },
        "MyBehavior.Policy.CuriosityValueEstimate.mean": {
            "value": 0.9983905553817749,
            "min": 0.7202427983283997,
            "max": 1.0132031440734863,
            "count": 281
        },
        "MyBehavior.Policy.CuriosityValueEstimate.sum": {
            "value": 160.74087524414062,
            "min": 42.97394561767578,
            "max": 161.09930419921875,
            "count": 281
        },
        "MyBehavior.Environment.EpisodeLength.mean": {
            "value": 1298.75,
            "min": 816.0833333333334,
            "max": 1694.0,
            "count": 281
        },
        "MyBehavior.Environment.EpisodeLength.sum": {
            "value": 10390.0,
            "min": 2786.0,
            "max": 11164.0,
            "count": 281
        },
        "MyBehavior.Environment.CumulativeReward.mean": {
            "value": 0.7002512188628316,
            "min": -4.024426994579179,
            "max": 4.782444906731446,
            "count": 281
        },
        "MyBehavior.Environment.CumulativeReward.sum": {
            "value": 5.602009750902653,
            "min": -28.170988962054253,
            "max": 43.04200416058302,
            "count": 281
        },
        "MyBehavior.Policy.ExtrinsicReward.mean": {
            "value": 0.7002512188628316,
            "min": -4.024426994579179,
            "max": 4.782444906731446,
            "count": 281
        },
        "MyBehavior.Policy.ExtrinsicReward.sum": {
            "value": 5.602009750902653,
            "min": -28.170988962054253,
            "max": 43.04200416058302,
            "count": 281
        },
        "MyBehavior.Policy.CuriosityReward.mean": {
            "value": 13.079034222755581,
            "min": 0.0,
            "max": 16.583970602601767,
            "count": 281
        },
        "MyBehavior.Policy.CuriosityReward.sum": {
            "value": 104.63227378204465,
            "min": 0.0,
            "max": 109.5301140230149,
            "count": 281
        },
        "MyBehavior.IsTraining.mean": {
            "value": 1.0,
            "min": 1.0,
            "max": 1.0,
            "count": 281
        },
        "MyBehavior.IsTraining.sum": {
            "value": 1.0,
            "min": 1.0,
            "max": 1.0,
            "count": 281
        },
        "MyBehavior.Losses.PolicyLoss.mean": {
            "value": 0.09972741560468944,
            "min": 0.09158651379178852,
            "max": 0.1042844583147303,
            "count": 139
        },
        "MyBehavior.Losses.PolicyLoss.sum": {
            "value": 0.09972741560468944,
            "min": 0.09158651379178852,
            "max": 0.1042844583147303,
            "count": 139
        },
        "MyBehavior.Losses.ValueLoss.mean": {
            "value": 0.025980469719650616,
            "min": 0.024580463184477586,
            "max": 0.0659341866158433,
            "count": 139
        },
        "MyBehavior.Losses.ValueLoss.sum": {
            "value": 0.025980469719650616,
            "min": 0.024580463184477586,
            "max": 0.0659341866158433,
            "count": 139
        },
        "MyBehavior.Policy.LearningRate.mean": {
            "value": 7.509391490610999e-05,
            "min": 7.509391490610999e-05,
            "max": 8.891577108424002e-05,
            "count": 139
        },
        "MyBehavior.Policy.LearningRate.sum": {
            "value": 7.509391490610999e-05,
            "min": 7.509391490610999e-05,
            "max": 8.891577108424002e-05,
            "count": 139
        },
        "MyBehavior.Policy.Epsilon.mean": {
            "value": 0.137546945,
            "min": 0.137546945,
            "max": 0.14445788,
            "count": 139
        },
        "MyBehavior.Policy.Epsilon.sum": {
            "value": 0.137546945,
            "min": 0.137546945,
            "max": 0.14445788,
            "count": 139
        },
        "MyBehavior.Policy.Beta.mean": {
            "value": 0.0037571851109999992,
            "min": 0.0037571851109999992,
            "max": 0.004446896424000001,
            "count": 139
        },
        "MyBehavior.Policy.Beta.sum": {
            "value": 0.0037571851109999992,
            "min": 0.0037571851109999992,
            "max": 0.004446896424000001,
            "count": 139
        },
        "MyBehavior.Losses.CuriosityForwardLoss.mean": {
            "value": 0.09471588902357922,
            "min": 0.07039109529911453,
            "max": 0.09899099415150313,
            "count": 139
        },
        "MyBehavior.Losses.CuriosityForwardLoss.sum": {
            "value": 0.09471588902357922,
            "min": 0.07039109529911453,
            "max": 0.09899099415150313,
            "count": 139
        },
        "MyBehavior.Losses.CuriosityInverseLoss.mean": {
            "value": 8.539989015926569,
            "min": 5.143138863662053,
            "max": 8.688225840401445,
            "count": 139
        },
        "MyBehavior.Losses.CuriosityInverseLoss.sum": {
            "value": 8.539989015926569,
            "min": 5.143138863662053,
            "max": 8.688225840401445,
            "count": 139
        }
    },
    "metadata": {
        "timer_format_version": "0.1.0",
        "start_time_seconds": "1749144099",
        "python_version": "3.9.9 (tags/v3.9.9:ccb0e6a, Nov 15 2021, 18:08:50) [MSC v.1929 64 bit (AMD64)]",
        "command_line_arguments": "C:\\Users\\user1\\Unity 2D Platformer for Complete Beginners\\myenv39\\Scripts\\mlagents-learn config/config.yaml --run-id=BossPart1Try7 --time-scale=3 --torch-device cpu --resume",
        "mlagents_version": "0.26.0",
        "mlagents_envs_version": "0.26.0",
        "communication_protocol_version": "1.5.0",
        "pytorch_version": "2.7.0+cu118",
        "numpy_version": "1.21.2",
        "end_time_seconds": "1749200625"
    },
    "total": 56525.3295161,
    "count": 1,
    "self": 0.029782400000840425,
    "children": {
        "run_training.setup": {
            "total": 0.34331470000000053,
            "count": 1,
            "self": 0.34331470000000053
        },
        "TrainerController.start_learning": {
            "total": 56524.956418999995,
            "count": 1,
            "self": 93.79599670434254,
            "children": {
                "TrainerController._reset_env": {
                    "total": 25.471774000000003,
                    "count": 1,
                    "self": 25.471774000000003
                },
                "TrainerController.advance": {
                    "total": 56405.41219299566,
                    "count": 2810078,
                    "self": 89.53268779462087,
                    "children": {
                        "env_step": {
                            "total": 51660.492057801996,
                            "count": 2810078,