{
    "name": "root",
    "gauges": {
        "MyBehavior.Policy.Entropy.mean": {
            "value": 4.909517288208008,
            "min": 4.713308811187744,
            "max": 4.983550548553467,
            "count": 189
        },
        "MyBehavior.Policy.Entropy.sum": {
            "value": 49183.54296875,
            "min": 30638.8125,
            "max": 49955.109375,
            "count": 189
        },
        "MyBehavior.Step.mean": {
            "value": 31669954.0,
            "min": 29789976.0,
            "max": 31669954.0,
            "count": 189
        },
        "MyBehavior.Step.sum": {
            "value": 31669954.0,
            "min": 29789976.0,
            "max": 31669954.0,
            "count": 189
        },
        "MyBehavior.Policy.ExtrinsicValueEstimate.mean": {
            "value": -0.2514124810695648,
            "min": -0.5630431771278381,
            "max": -0.1927560269832611,
            "count": 189
        },
        "MyBehavior.Policy.ExtrinsicValueEstimate.sum": {
            "value": -40.22599792480469,
            "min": -89.495849609375,
            "max": -30.84096336364746,
            "count": 189
        },
        "MyBehavior.Policy.CuriosityValueEstimate.mean": {
            "value": 2.9417521953582764,
            "min": 2.7965774536132812,
            "max": 3.440835475921631,
            "count": 189
        },
        "MyBehavior.Policy.CuriosityValueEstimate.sum": {
            "value": 470.68035888671875,
            "min": 345.7638244628906,
            "max": 547.0928344726562,
            "count": 189
        },
        "MyBehavior.Environment.EpisodeLength.mean": {
            "value": 2031.3333333333333,
            "min": 1263.857142857143,
            "max": 2606.75,
            "count": 189
        },
        "MyBehavior.Environment.EpisodeLength.sum": {
            "value": 12188.0,
            "min": 4454.0,
            "max": 12440.0,
            "count": 189
        },
        "MyBehavior.Environment.CumulativeReward.mean": {
            "value": -4.587887791295846,
            "min": -10.322732143104076,
            "max": -0.9061657022684813,
            "count": 189
        },
        "MyBehavior.Environment.CumulativeReward.sum": {
            "value": -27.527326747775078,
            "min": -63.52365626394749,
            "max": -3.624662809073925,
            "count": 189
        },
        "MyBehavior.Policy.ExtrinsicReward.mean": {
            "value": -4.587887791295846,
            "min": -10.322732143104076,
            "max": -0.9061657022684813,
            "count": 189
        },
        "MyBehavior.Policy.ExtrinsicReward.sum": {
            "value": -27.527326747775078,
            "min": -63.52365626394749,
            "max": -3.624662809073925,
            "count": 189
        },
        "MyBehavior.Policy.CuriosityReward.mean": {
            "value": 61.458947502076626,
            "min": 0.0,
            "max": 77.49663960933685,
            "count": 189
        },
        "MyBehavior.Policy.CuriosityReward.sum": {
            "value": 368.75368501245975,
            "min": 0.0,
            "max": 449.01980367302895,
            "count": 189
        },
        "MyBehavior.IsTraining.mean": {
            "value": 1.0,
            "min": 1.0,
            "max": 1.0,
            "count": 189
        },
        "MyBehavior.IsTraining.sum": {
            "value": 1.0,
            "min": 1.0,
            "max": 1.0,
            "count": 189
        },
        "MyBehavior.Losses.PolicyLoss.mean": {
            "value": 0.09769726998192041,
            "min": 0.09418181997983735,
            "max": 0.10444723379934549,
            "count": 94
        },
        "MyBehavior.Losses.PolicyLoss.sum": {
            "value": 0.09769726998192041,
            "min": 0.09418181997983735,
            "max": 0.10444723379934549,
            "count": 94
        },
        "MyBehavior.Losses.ValueLoss.mean": {
            "value": 0.04733208761301538,
            "min": 0.04596089985237545,
            "max": 0.10824029061534661,
            "count": 94
        },
        "MyBehavior.Losses.ValueLoss.sum": {
            "value": 0.04733208761301538,
            "min": 0.04596089985237545,
            "max": 0.10824029061534661,
            "count": 94
        },
        "MyBehavior.Policy.LearningRate.mean": {
            "value": 3.666706533299801e-05,
            "min": 3.666706533299801e-05,
            "max": 4.039285160720801e-05,
            "count": 94
        },
        "MyBehavior.Policy.LearningRate.sum": {
            "value": 3.666706533299801e-05,
            "min": 3.666706533299801e-05,
            "max": 4.039285160720801e-05,
            "count": 94
        },
        "MyBehavior.Policy.Epsilon.mean": {
            "value": 0.11833350099999997,
            "min": 0.11833350099999997,
            "max": 0.12019639600000002,
            "count": 94
        },
        "MyBehavior.Policy.Epsilon.sum": {
            "value": 0.11833350099999997,
            "min": 0.11833350099999997,
            "max": 0.12019639600000002,
            "count": 94
        },
        "MyBehavior.Policy.Beta.mean": {
            "value": 0.0018396833998000003,
            "min": 0.0018396833998000003,
            "max": 0.0020256003208,
            "count": 94
        },
        "MyBehavior.Policy.Beta.sum": {
            "value": 0.0018396833998000003,
            "min": 0.0018396833998000003,
            "max": 0.0020256003208,
            "count": 94
        },
        "MyBehavior.Losses.CuriosityForwardLoss.mean": {
            "value": 0.27687393638272634,
            "min": 0.26925718260562825,
            "max": 0.34229083513665914,
            "count": 94
        },
        "MyBehavior.Losses.CuriosityForwardLoss.sum": {
            "value": 0.27687393638272634,
            "min": 0.26925718260562825,
            "max": 0.34229083513665914,
            "count": 94
        },
        "MyBehavior.Losses.CuriosityInverseLoss.mean": {
            "value": 66.16415447929796,
            "min": 60.9967570753179,
            "max": 66.16415447929796,
            "count": 94
        },
        "MyBehavior.Losses.CuriosityInverseLoss.sum": {
            "value": 66.16415447929796,
            "min": 60.9967570753179,
            "max": 66.16415447929796,
            "count": 94
        }
    },
    "metadata": {
        "timer_format_version": "0.1.0",
        "start_time_seconds": "1750787065",
        "python_version": "3.9.9 (tags/v3.9.9:ccb0e6a, Nov 15 2021, 18:08:50) [MSC v.1929 64 bit (AMD64)]",
        "command_line_arguments": "C:\\Users\\user1\\Unity 2D Platformer for Complete Beginners\\myenv39\\Scripts\\mlagents-learn config/config.yaml --run-id=BossPart1Try7 --time-scale=3 --torch-device cpu --resume",
        "mlagents_version": "0.26.0",
        "mlagents_envs_version": "0.26.0",
        "communication_protocol_version": "1.5.0",
        "pytorch_version": "2.7.0+cu118",
        "numpy_version": "1.21.2",
        "end_time_seconds": "1750831857"
    },
    "total": 44792.1547744,
    "count": 1,
    "self": 0.09474199999385746,
    "children": {
        "run_training.setup": {
            "total": 0.37264180000000025,
            "count": 1,
            "self": 0.37264180000000025
        },
        "TrainerController.start_learning": {
            "total": 44791.687390600004,
            "count": 1,
            "self": 86.48501550286164,
            "children": {
                "TrainerController._reset_env": {
                    "total": 26.385483900000004,
                    "count": 1,
                    "self": 26.385483900000004
                },
                "TrainerController.advance": {
                    "total": 44677.61616989715,
                    "count": 1894901,
                    "self": 90.02100290024828,
                    "children": {
                        "env_step": {
                            "total": 39461.62293359877,