{
    "name": "root",
    "metadata": {
        "timer_format_version": "0.1.0",
        "start_time_seconds": "1755614243",
        "python_version": "3.9.9 (tags/v3.9.9:ccb0e6a, Nov 15 2021, 18:08:50) [MSC v.1929 64 bit (AMD64)]",
        "command_line_arguments": "C:\\Users\\user1\\Unity 2D Platformer for Complete Beginners\\myenv39\\Scripts\\mlagents-learn config/config.yaml --run-id=NewBossTrain3 --time-scale=3 --resume",
        "mlagents_version": "0.26.0",
        "mlagents_envs_version": "0.26.0",
        "communication_protocol_version": "1.5.0",
        "pytorch_version": "2.7.0+cu118",
        "numpy_version": "1.21.2",
        "end_time_seconds": "1755614297"
    },
    "total": 54.3534068,
    "count": 1,
    "self": 0.013842000000003907,
    "children": {
        "run_training.setup": {
            "total": 0.36302900000000005,
            "count": 1,
            "self": 0.36302900000000005
        },
        "TrainerController.start_learning": {
            "total": 53.9765358,
            "count": 1,
            "self": 0.019826200000046867,
            "children": {
                "TrainerController._reset_env": {
                    "total": 29.5683522,
                    "count": 1,
                    "self": 29.5683522
                },
                "TrainerController.advance": {
                    "total": 23.97734329999996,
                    "count": 916,
                    "self": 0.019413999999834175,
                    "children": {
                        "env_step": {
                            "total": 23.723006600000026,
                            "count": 916,
                            "self": 16.015213399999972,
                            "children": {
                                "SubprocessEnvManager._take_step": {
                                    "total": 7.695142100000091,
                                    "count": 916,
                                    "self": 0.07352150000009772,
                                    "children": {
                                        "TorchPolicy.evaluate": {
                                            "total": 7.621620599999993,
                                            "count": 916,
                                            "self": 1.6167807999997592,
                                            "children": {
                                                "TorchPolicy.sample_actions": {
                                                    "total": 6.004839800000234,
                                                    "count": 916,
                                                    "self": 6.004839800000234
                                                }
                                            }
                                        }
                                    }
                                },
                                "workers": {
                                    "total": 0.012651099999963833,
                                    "count": 915,
                                    "self": 0.0,
                                    "children": {
                                        "worker_root": {
                                            "total": 28.706819600000028,
                                            "count": 915,
                                            "is_parallel": true,
                                            "self": 13.876650200000064,
                                            "children": {
                                                "steps_from_proto": {
                                                    "total": 0.000755599999997969,
                                                    "count": 1,
                                                    "is_parallel": true,
                                                    "self": 0.0004577999999995086,
                                                    "children": {
                                                        "_process_rank_one_or_two_observation": {
                                                            "total": 0.0002977999999984604,
                                                            "count": 2,
                                                            "is_parallel": true,
                                                            "self": 0.0002977999999984604
                                                        }
                                                    }
                                                },
                                                "UnityEnvironment.step": {
                                                    "total": 14.829413799999966,
                                                    "count": 915,
                                                    "is_parallel": true,
                                                    "self": 0.08160230000003921,
                                                    "children": {
                                                        "UnityEnvironment._generate_step_input": {
                                                            "total": 0.0755665999999664,
                                                            "count": 915,
                                                            "is_parallel": true,
                                                            "self": 0.0755665999999664
                                                        },
                                                        "communicator.exchange": {
                                                            "total": 14.37822479999997,
                                                            "count": 915,
                                                            "is_parallel": true,
                                                            "self": 14.37822479999997
                                                        },
                                                        "steps_from_proto": {
                                                            "total": 0.29402009999999024,
                                                            "count": 915,
                                                            "is_parallel": true,
                                                            "self": 0.18916769999981753,
                                                            "children": {
                                                                "_process_rank_one_or_two_observation": {
                                                                    "total": 0.10485240000017271,
                                                                    "count": 1830,
                                                                    "is_parallel": true,
                                                                    "self": 0.10485240000017271
                                                                }
                                                            }
                                                        }
                                                    }
                                                }
                                            }
                                        }
                                    }
                                }
                            }
                        },
                        "trainer_advance": {
                            "total": 0.23492270000009796,
                            "count": 915,
                            "self": 0.024596400000142182,
                            "children": {
                                "process_trajectory": {
                                    "total": 0.21032629999995578,
                                    "count": 915,