{"count":1,"self":64.9889408,"total":65.819453299999992,"children":{"AgentSendState":{"count":2910,"self":0.0255414,"total":0.0937274,"children":{"CollectObservations":{"count":375,"self":0.0636983,"total":0.0636983,"children":null},"WriteActionMask":{"count":375,"self":0.0010188999999999999,"total":0.0010188999999999999,"children":null},"RequestDecision":{"count":375,"self":0.0034687999999999997,"total":0.0034687999999999997,"children":null}}},"DecideAction":{"count":2910,"self":0.66390779999999994,"total":0.66390779999999994,"children":null},"AgentAct":{"count":2910,"self":0.0666879,"total":0.0666879,"children":null},"InitializeActuators":{"count":2,"self":0.0036365,"total":0.0036365,"children":null},"InitializeSensors":{"count":2,"self":0.0015498999999999999,"total":0.0015498999999999999,"children":null}},"gauges":{},"metadata":{"timer_format_version":"0.1.0","start_time_seconds":"1755419953","unity_version":"2022.3.47f1","command_line_arguments":"C:\\Users\\user1\\Unity 2D Platformer for Complete Beginners\\Builds\\LatestBuild\\Unity 2D Platformer for Complete Beginners.exe","communication_protocol_version":"1.5.0","com.unity.ml-agents_version":"2.0.1","scene_name":"Level 1 - Easy","end_time_seconds":"1755420019"}}