{
    "name": "root",
    "gauges": {
        "MyBehavior.Policy.Entropy.mean": {
            "value": 4.226077079772949,
            "min": 3.894044876098633,
            "max": 4.229496002197266,
            "count": 175
        },
        "MyBehavior.Policy.Entropy.sum": {
            "value": 42095.953125,
            "min": 16015.7431640625,
            "max": 42308.66015625,
            "count": 175
        },
        "MyBehavior.Step.mean": {
            "value": 2529936.0,
            "min": 789986.0,
            "max": 2529936.0,
            "count": 175
        },
        "MyBehavior.Step.sum": {
            "value": 2529936.0,
            "min": 789986.0,
            "max": 2529936.0,
            "count": 175
        },
        "MyBehavior.Policy.ExtrinsicValueEstimate.mean": {
            "value": -0.09487324208021164,
            "min": -0.19056305289268494,
            "max": 0.01475435495376587,
            "count": 175
        },
        "MyBehavior.Policy.ExtrinsicValueEstimate.sum": {
            "value": -14.989972114562988,
            "min": -30.871213912963867,
            "max": 2.360696792602539,
            "count": 175
        },
        "MyBehavior.Policy.CuriosityValueEstimate.mean": {
            "value": 1.7579697370529175,
            "min": 0.9068864583969116,
            "max": 1.8244107961654663,
            "count": 175
        },
        "MyBehavior.Policy.CuriosityValueEstimate.sum": {
            "value": 277.75921630859375,
            "min": 65.06925964355469,
            "max": 287.7159423828125,
            "count": 175
        },
        "MyBehavior.Environment.EpisodeLength.mean": {
            "value": 1563.1666666666667,
            "min": 817.8333333333334,
            "max": 2034.8,
            "count": 175
        },
        "MyBehavior.Environment.EpisodeLength.sum": {
            "value": 9379.0,
            "min": 2993.0,
            "max": 11771.0,
            "count": 175
        },
        "MyBehavior.Environment.CumulativeReward.mean": {
            "value": -1.0564166349358857,
            "min": -2.0235399548895656,
            "max": 1.137342868239752,
            "count": 175
        },
        "MyBehavior.Environment.CumulativeReward.sum": {
            "value": -6.338499809615314,
            "min": -20.722599688451737,
            "max": 7.961400077678263,
            "count": 175
        },
        "MyBehavior.Policy.ExtrinsicReward.mean": {
            "value": -1.0564166349358857,
            "min": -2.0235399548895656,
            "max": 1.137342868239752,
            "count": 175
        },
        "MyBehavior.Policy.ExtrinsicReward.sum": {
            "value": -6.338499809615314,
            "min": -20.722599688451737,
            "max": 7.961400077678263,
            "count": 175
        },
        "MyBehavior.Policy.CuriosityReward.mean": {
            "value": 28.82968797829623,
            "min": 0.0,
            "max": 41.28052003383637,
            "count": 175
        },
        "MyBehavior.Policy.CuriosityReward.sum": {
            "value": 172.97812786977738,
            "min": 0.0,
            "max": 206.40260016918182,
            "count": 175
        },
        "MyBehavior.IsTraining.mean": {
            "value": 1.0,
            "min": 1.0,
            "max": 1.0,
            "count": 175
        },
        "MyBehavior.IsTraining.sum": {
            "value": 1.0,
            "min": 1.0,
            "max": 1.0,
            "count": 175
        },
        "MyBehavior.Losses.PolicyLoss.mean": {
            "value": 0.0948616780164556,
            "min": 0.09384442151958546,
            "max": 0.10470017125776496,
            "count": 87
        },
        "MyBehavior.Losses.PolicyLoss.sum": {
            "value": 0.0948616780164556,
            "min": 0.09384442151958546,
            "max": 0.10470017125776496,
            "count": 87
        },
        "MyBehavior.Losses.ValueLoss.mean": {
            "value": 0.007327068911063879,
            "min": 0.0039506465997755195,
            "max": 0.009768724136684353,
            "count": 87
        },
        "MyBehavior.Losses.ValueLoss.sum": {
            "value": 0.007327068911063879,
            "min": 0.0039506465997755195,
            "max": 0.009768724136684353,
            "count": 87
        },
        "MyBehavior.Policy.LearningRate.mean": {
            "value": 7.471026528976e-05,
            "min": 7.471026528976e-05,
            "max": 9.194020805980002e-05,
            "count": 87
        },
        "MyBehavior.Policy.LearningRate.sum": {
            "value": 7.471026528976e-05,
            "min": 7.471026528976e-05,
            "max": 9.194020805980002e-05,
            "count": 87
        },
        "MyBehavior.Policy.Epsilon.mean": {
            "value": 0.21206535999999998,
            "min": 0.21206535999999998,
            "max": 0.23791030000000007,
            "count": 87
        },
        "MyBehavior.Policy.Epsilon.sum": {
            "value": 0.21206535999999998,
            "min": 0.21206535999999998,
            "max": 0.23791030000000007,
            "count": 87
        },
        "MyBehavior.Policy.Beta.mean": {
            "value": 0.007473552975999999,
            "min": 0.007473552975999999,
            "max": 0.009194825980000002,
            "count": 87
        },
        "MyBehavior.Policy.Beta.sum": {
            "value": 0.007473552975999999,
            "min": 0.007473552975999999,
            "max": 0.009194825980000002,
            "count": 87
        },
        "MyBehavior.Losses.CuriosityForwardLoss.mean": {
            "value": 0.18087550175662798,
            "min": 0.09049908680537828,
            "max": 0.18200986397763094,
            "count": 87
        },
        "MyBehavior.Losses.CuriosityForwardLoss.sum": {
            "value": 0.18087550175662798,
            "min": 0.09049908680537828,
            "max": 0.18200986397763094,
            "count": 87
        },
        "MyBehavior.Losses.CuriosityInverseLoss.mean": {
            "value": 9.193713472057611,
            "min": 3.715463050091878,
            "max": 9.193713472057611,
            "count": 87
        },
        "MyBehavior.Losses.CuriosityInverseLoss.sum": {
            "value": 9.193713472057611,
            "min": 3.715463050091878,
            "max": 9.193713472057611,
            "count": 87
        }
    },
    "metadata": {
        "timer_format_version": "0.1.0",
        "start_time_seconds": "1747854001",
        "python_version": "3.9.9 (tags/v3.9.9:ccb0e6a, Nov 15 2021, 18:08:50) [MSC v.1929 64 bit (AMD64)]",
        "command_line_arguments": "C:\\Users\\user1\\Unity 2D Platformer for Complete Beginners\\myenv39\\Scripts\\mlagents-learn config/config.yaml --run-id=BossPart1Try4 --time-scale=1 --resume",
        "mlagents_version": "0.26.0",
        "mlagents_envs_version": "0.26.0",
        "communication_protocol_version": "1.5.0",
        "pytorch_version": "2.7.0+cu118",
        "numpy_version": "1.21.2",
        "end_time_seconds": "1747892895"
    },
    "total": 38893.9821982,
    "count": 1,
    "self": 0.025422500002605375,
    "children": {
        "run_training.setup": {
            "total": 0.3373369999999998,
            "count": 1,
            "self": 0.3373369999999998
        },
        "TrainerController.start_learning": {
            "total": 38893.6194387,
            "count": 1,
            "self": 43.46352960169315,
            "children": {
                "TrainerController._reset_env": {
                    "total": 22.814298499999996,
                    "count": 1,
                    "self": 22.814298499999996
                },
                "TrainerController.advance": {
                    "total": 38827.0289710983,
                    "count": 1746945,
                    "self": 42.935226995708945,
                    "children": {
                        "env_step": {
                            "total": 32781.09736810273,
                            "count": 1746945,