{
    "name": "root",
    "metadata": {
        "timer_format_version": "0.1.0",
        "start_time_seconds": "1749102796",
        "python_version": "3.9.9 (tags/v3.9.9:ccb0e6a, Nov 15 2021, 18:08:50) [MSC v.1929 64 bit (AMD64)]",
        "command_line_arguments": "C:\\Users\\user1\\Unity 2D Platformer for Complete Beginners\\myenv39\\Scripts\\mlagents-learn config/config.yaml --run-id=BossPart1Try6 --time-scale=1 --resume",
        "mlagents_version": "0.26.0",
        "mlagents_envs_version": "0.26.0",
        "communication_protocol_version": "1.5.0",
        "pytorch_version": "2.7.0+cu118",
        "numpy_version": "1.21.2",
        "end_time_seconds": "1749102868"
    },
    "total": 72.7787806,
    "count": 1,
    "self": 0.030610199999998144,
    "children": {
        "run_training.setup": {
            "total": 0.37804970000000004,
            "count": 1,
            "self": 0.37804970000000004
        },
        "TrainerController.start_learning": {
            "total": 72.3701207,
            "count": 1,
            "self": 0.009988200000165648,
            "children": {
                "TrainerController._reset_env": {
                    "total": 50.8583607,
                    "count": 1,
                    "self": 50.8583607
                },
                "TrainerController.advance": {
                    "total": 20.82271749999984,
                    "count": 306,
                    "self": 0.009809500000045546,
                    "children": {
                        "env_step": {
                            "total": 20.669324299999886,
                            "count": 306,
                            "self": 17.15213040000009,
                            "children": {
                                "SubprocessEnvManager._take_step": {
                                    "total": 3.5113994999999534,
                                    "count": 306,
                                    "self": 0.03227629999996395,
                                    "children": {
                                        "TorchPolicy.evaluate": {
                                            "total": 3.4791231999999894,
                                            "count": 306,
                                            "self": 0.6969979999999794,
                                            "children": {
                                                "TorchPolicy.sample_actions": {
                                                    "total": 2.78212520000001,
                                                    "count": 306,
                                                    "self": 2.78212520000001
                                                }
                                            }
                                        }
                                    }
                                },
                                "workers": {
                                    "total": 0.005794399999842881,
                                    "count": 305,
                                    "self": 0.0,
                                    "children": {
                                        "worker_root": {
                                            "total": 26.69399110000009,
                                            "count": 305,
                                            "is_parallel": true,
                                            "self": 10.156995900000076,
                                            "children": {
                                                "steps_from_proto": {
                                                    "total": 0.004390100000001951,
                                                    "count": 1,
                                                    "is_parallel": true,
                                                    "self": 0.0013233000000028028,
                                                    "children": {
                                                        "_process_rank_one_or_two_observation": {
                                                            "total": 0.003066799999999148,
                                                            "count": 2,
                                                            "is_parallel": true,
                                                            "self": 0.003066799999999148
                                                        }
                                                    }
                                                },
                                                "UnityEnvironment.step": {
                                                    "total": 16.532605100000012,
                                                    "count": 305,
                                                    "is_parallel": true,
                                                    "self": 0.035881899999850475,
                                                    "children": {
                                                        "UnityEnvironment._generate_step_input": {
                                                            "total": 0.031989000000045564,
                                                            "count": 305,
                                                            "is_parallel": true,
                                                            "self": 0.031989000000045564
                                                        },
                                                        "communicator.exchange": {
                                                            "total": 16.338051899999982,
                                                            "count": 305,
                                                            "is_parallel": true,
                                                            "self": 16.338051899999982
                                                        },
                                                        "steps_from_proto": {
                                                            "total": 0.1266823000001338,
                                                            "count": 305,
                                                            "is_parallel": true,
                                                            "self": 0.08296960000000553,
                                                            "children": {
                                                                "_process_rank_one_or_two_observation": {
                                                                    "total": 0.04371270000012828,
                                                                    "count": 610,
                                                                    "is_parallel": true,
                                                                    "self": 0.04371270000012828
                                                                }
                                                            }
                                                        }
                                                    }
                                                }
                                            }
                                        }
                                    }
                                }
                            }
                        },
                        "trainer_advance": {
                            "total": 0.14358369999990828,
                            "count": 305,
                            "self": 0.010622499999769275,
                            "children": {
                                "process_trajectory": {
                                    "total": 0.132961200000139,
                                    "count": 305,