{
    "name": "root",
    "gauges": {
        "MyBehavior.Policy.Entropy.mean": {
            "value": 3.752265691757202,
            "min": 3.7395670413970947,
            "max": 3.904935121536255,
            "count": 22
        },
        "MyBehavior.Policy.Entropy.sum": {
            "value": 37387.57421875,
            "min": 37387.57421875,
            "max": 39261.10546875,
            "count": 22
        },
        "MyBehavior.Step.mean": {
            "value": 219951.0,
            "min": 9995.0,
            "max": 219951.0,
            "count": 22
        },
        "MyBehavior.Step.sum": {
            "value": 219951.0,
            "min": 9995.0,
            "max": 219951.0,
            "count": 22
        },
        "MyBehavior.Policy.ExtrinsicValueEstimate.mean": {
            "value": -1.4024536609649658,
            "min": -1.4024536609649658,
            "max": 0.20581863820552826,
            "count": 22
        },
        "MyBehavior.Policy.ExtrinsicValueEstimate.sum": {
            "value": -225.7950439453125,
            "min": -225.7950439453125,
            "max": 33.96007537841797,
            "count": 22
        },
        "MyBehavior.Policy.CuriosityValueEstimate.mean": {
            "value": 6.126290798187256,
            "min": 0.2328489124774933,
            "max": 6.839169979095459,
            "count": 22
        },
        "MyBehavior.Policy.CuriosityValueEstimate.sum": {
            "value": 986.3328247070312,
            "min": 38.42007064819336,
            "max": 1121.6239013671875,
            "count": 22
        },
        "MyBehavior.Environment.EpisodeLength.mean": {
            "value": 957.0,
            "min": 460.5,
            "max": 957.0,
            "count": 22
        },
        "MyBehavior.Environment.EpisodeLength.sum": {
            "value": 9570.0,
            "min": 8817.0,
            "max": 11330.0,
            "count": 22
        },
        "MyBehavior.Environment.CumulativeReward.mean": {
            "value": -10.158160548911177,
            "min": -10.911786500224844,
            "max": -9.654673212766648,
            "count": 22
        },
        "MyBehavior.Environment.CumulativeReward.sum": {
            "value": -111.73976603802294,
            "min": -212.7781021539122,
            "max": -109.11786500224844,
            "count": 22
        },
        "MyBehavior.Policy.ExtrinsicReward.mean": {
            "value": -10.158160548911177,
            "min": -10.911786500224844,
            "max": -9.654673212766648,
            "count": 22
        },
        "MyBehavior.Policy.ExtrinsicReward.sum": {
            "value": -111.73976603802294,
            "min": -212.7781021539122,
            "max": -109.11786500224844,
            "count": 22
        },
        "MyBehavior.Policy.CuriosityReward.mean": {
            "value": 38.73340562697161,
            "min": 0.0,
            "max": 147.77035760879517,
            "count": 22
        },
        "MyBehavior.Policy.CuriosityReward.sum": {
            "value": 426.06746189668775,
            "min": 0.0,
            "max": 2659.866436958313,
            "count": 22
        },
        "MyBehavior.IsTraining.mean": {
            "value": 1.0,
            "min": 1.0,
            "max": 1.0,
            "count": 22
        },
        "MyBehavior.IsTraining.sum": {
            "value": 1.0,
            "min": 1.0,
            "max": 1.0,
            "count": 22
        },
        "MyBehavior.Losses.PolicyLoss.mean": {
            "value": 0.0989103421560936,
            "min": 0.09351667879829709,
            "max": 0.10376744942206005,
            "count": 10
        },
        "MyBehavior.Losses.PolicyLoss.sum": {
            "value": 0.0989103421560936,
            "min": 0.09351667879829709,
            "max": 0.10376744942206005,
            "count": 10
        },
        "MyBehavior.Losses.ValueLoss.mean": {
            "value": 0.10121184301436646,
            "min": 0.10121184301436646,
            "max": 1.0867562976976235,
            "count": 10
        },
        "MyBehavior.Losses.ValueLoss.sum": {
            "value": 0.10121184301436646,
            "min": 0.10121184301436646,
            "max": 1.0867562976976235,
            "count": 10
        },
        "MyBehavior.Policy.LearningRate.mean": {
            "value": 9.959936240063804e-05,
            "min": 9.959936240063804e-05,
            "max": 9.995990604009402e-05,
            "count": 10
        },
        "MyBehavior.Policy.LearningRate.sum": {
            "value": 9.959936240063804e-05,
            "min": 9.959936240063804e-05,
            "max": 9.995990604009402e-05,
            "count": 10
        },
        "MyBehavior.Policy.Epsilon.mean": {
            "value": 0.149799681,
            "min": 0.149799681,
            "max": 0.14997995299999994,
            "count": 10
        },
        "MyBehavior.Policy.Epsilon.sum": {
            "value": 0.149799681,
            "min": 0.149799681,
            "max": 0.14997995299999994,
            "count": 10
        },
        "MyBehavior.Policy.Beta.mean": {
            "value": 0.0049800081638000015,
            "min": 0.0049800081638000015,
            "max": 0.004997999309400001,
            "count": 10
        },
        "MyBehavior.Policy.Beta.sum": {
            "value": 0.0049800081638000015,
            "min": 0.0049800081638000015,
            "max": 0.004997999309400001,
            "count": 10
        },
        "MyBehavior.Losses.CuriosityForwardLoss.mean": {
            "value": 0.4455938845936356,
            "min": 0.4455938845936356,
            "max": 381.98066548684153,
            "count": 10
        },
        "MyBehavior.Losses.CuriosityForwardLoss.sum": {
            "value": 0.4455938845936356,
            "min": 0.4455938845936356,
            "max": 381.98066548684153,
            "count": 10
        },
        "MyBehavior.Losses.CuriosityInverseLoss.mean": {
            "value": 3.4055163908563357,
            "min": 3.4055163908563357,
            "max": 6.253890951855368,
            "count": 10
        },
        "MyBehavior.Losses.CuriosityInverseLoss.sum": {
            "value": 3.4055163908563357,
            "min": 3.4055163908563357,
            "max": 6.253890951855368,
            "count": 10
        }
    },
    "metadata": {
        "timer_format_version": "0.1.0",
        "start_time_seconds": "1755672127",
        "python_version": "3.9.9 (tags/v3.9.9:ccb0e6a, Nov 15 2021, 18:08:50) [MSC v.1929 64 bit (AMD64)]",
        "command_line_arguments": "C:\\Users\\user1\\Unity 2D Platformer for Complete Beginners\\myenv39\\Scripts\\mlagents-learn config/config.yaml --run-id=NewBossTrain6 --time-scale=3",
        "mlagents_version": "0.26.0",
        "mlagents_envs_version": "0.26.0",
        "communication_protocol_version": "1.5.0",
        "pytorch_version": "2.7.0+cu118",
        "numpy_version": "1.21.2",
        "end_time_seconds": "1755677064"
    },
    "total": 4937.2649466,
    "count": 1,
    "self": 0.022369600001184153,
    "children": {
        "run_training.setup": {
            "total": 0.23648000000000025,
            "count": 1,
            "self": 0.23648000000000025
        },
        "TrainerController.start_learning": {
            "total": 4937.0060969999995,
            "count": 1,
            "self": 5.487792800032366,
            "children": {
                "TrainerController._reset_env": {
                    "total": 29.0245022,
                    "count": 1,
                    "self": 29.0245022
                },
                "TrainerController.advance": {
                    "total": 4901.765664999967,
                    "count": 220783,
                    "self": 5.139739900005225,
                    "children": {
                        "env_step": {
                            "total": 4284.993799199954,
                            "count": 220783,
                            "self": 2256.1255009000033,