{
    "name": "root",
    "gauges": {
        "MyBehavior.Policy.Entropy.mean": {
            "value": 4.32425594329834,
            "min": 3.868664026260376,
            "max": 4.330062389373779,
            "count": 126
        },
        "MyBehavior.Policy.Entropy.sum": {
            "value": 43398.23046875,
            "min": 36792.203125,
            "max": 43398.23046875,
            "count": 126
        },
        "MyBehavior.Step.mean": {
            "value": 2099996.0,
            "min": 849990.0,
            "max": 2099996.0,
            "count": 126
        },
        "MyBehavior.Step.sum": {
            "value": 2099996.0,
            "min": 849990.0,
            "max": 2099996.0,
            "count": 126
        },
        "MyBehavior.Policy.ExtrinsicValueEstimate.mean": {
            "value": -0.10266775637865067,
            "min": -0.17508313059806824,
            "max": 0.01774456724524498,
            "count": 126
        },
        "MyBehavior.Policy.ExtrinsicValueEstimate.sum": {
            "value": -16.529508590698242,
            "min": -27.488052368164062,
            "max": 2.8213863372802734,
            "count": 126
        },
        "MyBehavior.Policy.CuriosityValueEstimate.mean": {
            "value": 1.62899911403656,
            "min": 0.803716778755188,
            "max": 1.6319262981414795,
            "count": 126
        },
        "MyBehavior.Policy.CuriosityValueEstimate.sum": {
            "value": 262.26885986328125,
            "min": 128.5946807861328,
            "max": 262.26885986328125,
            "count": 126
        },
        "MyBehavior.Environment.EpisodeLength.mean": {
            "value": 1092.7777777777778,
            "min": 1038.2,
            "max": 2077.6,
            "count": 126
        },
        "MyBehavior.Environment.EpisodeLength.sum": {
            "value": 9835.0,
            "min": 8194.0,
            "max": 11505.0,
            "count": 126
        },
        "MyBehavior.Environment.CumulativeReward.mean": {
            "value": -1.2982666475905313,
            "min": -2.007587483152747,
            "max": 0.872316645613561,
            "count": 126
        },
        "MyBehavior.Environment.CumulativeReward.sum": {
            "value": -11.684399828314781,
            "min": -16.639199519064277,
            "max": 5.233899873681366,
            "count": 126
        },
        "MyBehavior.Policy.ExtrinsicReward.mean": {
            "value": -1.2982666475905313,
            "min": -2.007587483152747,
            "max": 0.872316645613561,
            "count": 126
        },
        "MyBehavior.Policy.ExtrinsicReward.sum": {
            "value": -11.684399828314781,
            "min": -16.639199519064277,
            "max": 5.233899873681366,
            "count": 126
        },
        "MyBehavior.Policy.CuriosityReward.mean": {
            "value": 22.161731409426366,
            "min": 0.0,
            "max": 35.065686653880405,
            "count": 126
        },
        "MyBehavior.Policy.CuriosityReward.sum": {
            "value": 199.45558268483728,
            "min": 0.0,
            "max": 203.35455149412155,
            "count": 126
        },
        "MyBehavior.IsTraining.mean": {
            "value": 1.0,
            "min": 1.0,
            "max": 1.0,
            "count": 126
        },
        "MyBehavior.IsTraining.sum": {
            "value": 1.0,
            "min": 1.0,
            "max": 1.0,
            "count": 126
        },
        "MyBehavior.Losses.PolicyLoss.mean": {
            "value": 0.09913269613081446,
            "min": 0.09188628906215457,
            "max": 0.10236567080901644,
            "count": 62
        },
        "MyBehavior.Losses.PolicyLoss.sum": {
            "value": 0.09913269613081446,
            "min": 0.09188628906215457,
            "max": 0.10236567080901644,
            "count": 62
        },
        "MyBehavior.Losses.ValueLoss.mean": {
            "value": 0.011455575104590911,
            "min": 0.004194353008362948,
            "max": 0.01181751689187084,
            "count": 62
        },
        "MyBehavior.Losses.ValueLoss.sum": {
            "value": 0.011455575104590911,
            "min": 0.004194353008362948,
            "max": 0.01181751689187084,
            "count": 62
        },
        "MyBehavior.Policy.LearningRate.mean": {
            "value": 7.917143082859e-05,
            "min": 7.917143082859e-05,
            "max": 9.139218860782003e-05,
            "count": 62
        },
        "MyBehavior.Policy.LearningRate.sum": {
            "value": 7.917143082859e-05,
            "min": 7.917143082859e-05,
            "max": 9.139218860782003e-05,
            "count": 62
        },
        "MyBehavior.Policy.Epsilon.mean": {
            "value": 0.21875711500000003,
            "min": 0.21875711500000003,
            "max": 0.23708827000000007,
            "count": 62
        },
        "MyBehavior.Policy.Epsilon.sum": {
            "value": 0.21875711500000003,
            "min": 0.21875711500000003,
            "max": 0.23708827000000007,
            "count": 62
        },
        "MyBehavior.Policy.Beta.mean": {
            "value": 0.007919223859,
            "min": 0.007919223859,
            "max": 0.009140078782,
            "count": 62
        },
        "MyBehavior.Policy.Beta.sum": {
            "value": 0.007919223859,
            "min": 0.007919223859,
            "max": 0.009140078782,
            "count": 62
        },
        "MyBehavior.Losses.CuriosityForwardLoss.mean": {
            "value": 0.17178549936924797,
            "min": 0.10772363611827263,
            "max": 0.19645355088404193,
            "count": 62
        },
        "MyBehavior.Losses.CuriosityForwardLoss.sum": {
            "value": 0.17178549936924797,
            "min": 0.10772363611827263,
            "max": 0.19645355088404193,
            "count": 62
        },
        "MyBehavior.Losses.CuriosityInverseLoss.mean": {
            "value": 9.47067326765794,
            "min": 3.853620964556168,
            "max": 9.47067326765794,
            "count": 62
        },
        "MyBehavior.Losses.CuriosityInverseLoss.sum": {
            "value": 9.47067326765794,
            "min": 3.853620964556168,
            "max": 9.47067326765794,
            "count": 62
        }
    },
    "metadata": {
        "timer_format_version": "0.1.0",
        "start_time_seconds": "1747950539",
        "python_version": "3.9.9 (tags/v3.9.9:ccb0e6a, Nov 15 2021, 18:08:50) [MSC v.1929 64 bit (AMD64)]",
        "command_line_arguments": "C:\\Users\\user1\\Unity 2D Platformer for Complete Beginners\\myenv39\\Scripts\\mlagents-learn config/config.yaml --run-id=BossPart1Try5 --time-scale=1 --resume",
        "mlagents_version": "0.26.0",
        "mlagents_envs_version": "0.26.0",
        "communication_protocol_version": "1.5.0",
        "pytorch_version": "2.7.0+cu118",
        "numpy_version": "1.21.2",
        "end_time_seconds": "1747981410"
    },
    "total": 30870.4239189,
    "count": 1,
    "self": 0.027106199999252567,
    "children": {
        "run_training.setup": {
            "total": 0.40447960000000016,
            "count": 1,
            "self": 0.40447960000000016
        },
        "TrainerController.start_learning": {
            "total": 30869.9923331,
            "count": 1,
            "self": 29.920396000619803,
            "children": {
                "TrainerController._reset_env": {
                    "total": 25.785534799999997,
                    "count": 1,
                    "self": 25.785534799999997
                },
                "TrainerController.advance": {
                    "total": 30813.953021699377,
                    "count": 1262704,
                    "self": 31.014201097470504,
                    "children": {
                        "env_step": {
                            "total": 26252.263995601064,
                            "count": 1262704,