{
    "name": "root",
    "gauges": {
        "MyBehavior.Policy.Entropy.mean": {
            "value": 3.864779233932495,
            "min": 3.864779233932495,
            "max": 3.9095237255096436,
            "count": 10
        },
        "MyBehavior.Policy.Entropy.sum": {
            "value": 38520.25390625,
            "min": 3043.297119140625,
            "max": 39276.578125,
            "count": 10
        },
        "MyBehavior.Step.mean": {
            "value": 129939.0,
            "min": 39940.0,
            "max": 129939.0,
            "count": 10
        },
        "MyBehavior.Step.sum": {
            "value": 129939.0,
            "min": 39940.0,
            "max": 129939.0,
            "count": 10
        },
        "MyBehavior.Policy.ExtrinsicValueEstimate.mean": {
            "value": -1.6340205669403076,
            "min": -1.6340205669403076,
            "max": -1.1892937421798706,
            "count": 10
        },
        "MyBehavior.Policy.ExtrinsicValueEstimate.sum": {
            "value": -267.9793701171875,
            "min": -267.9793701171875,
            "max": -17.4374942779541,
            "count": 10
        },
        "MyBehavior.Policy.CuriosityValueEstimate.mean": {
            "value": 2.2344765663146973,
            "min": 0.6621661186218262,
            "max": 2.2344765663146973,
            "count": 10
        },
        "MyBehavior.Policy.CuriosityValueEstimate.sum": {
            "value": 366.45416259765625,
            "min": 9.363395690917969,
            "max": 366.45416259765625,
            "count": 10
        },
        "MyBehavior.Environment.EpisodeLength.mean": {
            "value": 659.2,
            "min": 476.85714285714283,
            "max": 659.2,
            "count": 10
        },
        "MyBehavior.Environment.EpisodeLength.sum": {
            "value": 9888.0,
            "min": 522.0,
            "max": 10229.0,
            "count": 10
        },
        "MyBehavior.Environment.CumulativeReward.mean": {
            "value": -9.93570259194821,
            "min": -10.270189251531573,
            "max": -9.305800983216614,
            "count": 10
        },
        "MyBehavior.Environment.CumulativeReward.sum": {
            "value": -149.03553887922317,
            "min": -203.3102966970764,
            "max": -9.305800983216614,
            "count": 10
        },
        "MyBehavior.Policy.ExtrinsicReward.mean": {
            "value": -9.93570259194821,
            "min": -10.270189251531573,
            "max": -9.305800983216614,
            "count": 10
        },
        "MyBehavior.Policy.ExtrinsicReward.sum": {
            "value": -149.03553887922317,
            "min": -203.3102966970764,
            "max": -9.305800983216614,
            "count": 10
        },
        "MyBehavior.Policy.CuriosityReward.mean": {
            "value": 31.750498567024867,
            "min": 0.0,
            "max": 35.98280638609739,
            "count": 10
        },
        "MyBehavior.Policy.CuriosityReward.sum": {
            "value": 476.257478505373,
            "min": 0.0,
            "max": 611.7077085636556,
            "count": 10
        },
        "MyBehavior.IsTraining.mean": {
            "value": 1.0,
            "min": 1.0,
            "max": 1.0,
            "count": 10
        },
        "MyBehavior.IsTraining.sum": {
            "value": 1.0,
            "min": 1.0,
            "max": 1.0,
            "count": 10
        },
        "MyBehavior.Losses.PolicyLoss.mean": {
            "value": 0.09826575039585447,
            "min": 0.09798148685135939,
            "max": 0.10386345177116749,
            "count": 4
        },
        "MyBehavior.Losses.PolicyLoss.sum": {
            "value": 0.09826575039585447,
            "min": 0.09798148685135939,
            "max": 0.10386345177116749,
            "count": 4
        },
        "MyBehavior.Losses.ValueLoss.mean": {
            "value": 0.12513088806667644,
            "min": 0.1197273899307554,
            "max": 0.16195104662010557,
            "count": 4
        },
        "MyBehavior.Losses.ValueLoss.sum": {
            "value": 0.12513088806667644,
            "min": 0.1197273899307554,
            "max": 0.16195104662010557,
            "count": 4
        },
        "MyBehavior.Policy.LearningRate.mean": {
            "value": 9.9761342238658e-05,
            "min": 9.9761342238658e-05,
            "max": 9.988142211857798e-05,
            "count": 4
        },
        "MyBehavior.Policy.LearningRate.sum": {
            "value": 9.9761342238658e-05,
            "min": 9.9761342238658e-05,
            "max": 9.988142211857798e-05,
            "count": 4
        },
        "MyBehavior.Policy.Epsilon.mean": {
            "value": 0.149880671,
            "min": 0.149880671,
            "max": 0.149940711,
            "count": 4
        },
        "MyBehavior.Policy.Epsilon.sum": {
            "value": 0.149880671,
            "min": 0.149880671,
            "max": 0.149940711,
            "count": 4
        },
        "MyBehavior.Policy.Beta.mean": {
            "value": 0.004988090965799998,
            "min": 0.004988090965799998,
            "max": 0.004994082957800001,
            "count": 4
        },
        "MyBehavior.Policy.Beta.sum": {
            "value": 0.004988090965799998,
            "min": 0.004988090965799998,
            "max": 0.004994082957800001,
            "count": 4
        },
        "MyBehavior.Losses.CuriosityForwardLoss.mean": {
            "value": 0.41687759516649264,
            "min": 0.398586453917699,
            "max": 1.9109277150755366,
            "count": 4
        },
        "MyBehavior.Losses.CuriosityForwardLoss.sum": {
            "value": 0.41687759516649264,
            "min": 0.398586453917699,
            "max": 1.9109277150755366,
            "count": 4
        },
        "MyBehavior.Losses.CuriosityInverseLoss.mean": {
            "value": 3.455301190033937,
            "min": 3.455301190033937,
            "max": 3.7148750351386837,
            "count": 4
        },
        "MyBehavior.Losses.CuriosityInverseLoss.sum": {
            "value": 3.455301190033937,
            "min": 3.455301190033937,
            "max": 3.7148750351386837,
            "count": 4
        }
    },
    "metadata": {
        "timer_format_version": "0.1.0",
        "start_time_seconds": "1755687007",
        "python_version": "3.9.9 (tags/v3.9.9:ccb0e6a, Nov 15 2021, 18:08:50) [MSC v.1929 64 bit (AMD64)]",
        "command_line_arguments": "C:\\Users\\user1\\Unity 2D Platformer for Complete Beginners\\myenv39\\Scripts\\mlagents-learn config/config.yaml --run-id=NewBossTrain7 --time-scale=3 --resume",
        "mlagents_version": "0.26.0",
        "mlagents_envs_version": "0.26.0",
        "communication_protocol_version": "1.5.0",
        "pytorch_version": "2.7.0+cu118",
        "numpy_version": "1.21.2",
        "end_time_seconds": "1755689067"
    },
    "total": 2060.3422618,
    "count": 1,
    "self": 0.020730799999910232,
    "children": {
        "run_training.setup": {
            "total": 0.2772242999999994,
            "count": 1,
            "self": 0.2772242999999994
        },
        "TrainerController.start_learning": {
            "total": 2060.0443067,
            "count": 1,
            "self": 2.1234194999724423,
            "children": {
                "TrainerController._reset_env": {
                    "total": 43.7288545,
                    "count": 1,
                    "self": 43.7288545
                },
                "TrainerController.advance": {
                    "total": 2012.3880959000276,
                    "count": 96956,
                    "self": 2.0392697000240787,
                    "children": {
                        "env_step": {
                            "total": 1797.393988000006,
                            "count": 96956,
                            "self": 978.7729424000162,