{"count":1,"self":8480.690176,"total":16312.4240378,"children":{"InitializeActuators":{"count":1,"self":0.0035218999999999997,"total":0.0035218999999999997,"children":null},"InitializeSensors":{"count":1,"self":0.0030429,"total":0.0030429,"children":null},"AgentSendState":{"count":455116,"self":7.9782544,"total":376.1590559,"children":{"CollectObservations":{"count":455116,"self":85.56104959999999,"total":85.561047399999993,"children":null},"WriteActionMask":{"count":455116,"self":1.3060927999999998,"total":1.3060927999999998,"children":null},"RequestDecision":{"count":455116,"self":4.6431591999999995,"total":281.31366149999997,"children":{"AgentInfo.ToProto":{"count":455116,"self":5.4414956,"total":276.6705023,"children":{"GenerateSensorData":{"count":455116,"self":271.2290048,"total":271.2290067,"children":null}}}}}}},"DecideAction":{"count":455116,"self":7439.4591231999993,"total":7439.45889,"children":null},"AgentAct":{"count":455116,"self":15.868782399999999,"total":15.8687819,"children":null},"AgentInfo.ToProto":{"count":392,"self":0.008513999999999999,"total":0.2394288,"children":{"GenerateSensorData":{"count":392,"self":0.2309148,"total":0.2309148,"children":null}}}},"gauges":{"MyBehavior.CumulativeReward":{"count":392,"max":4.324998,"min":-11.12805,"runningAverage":-6.42057943,"value":0.07199395,"weightedAverage":-3.24913168}},"metadata":{"timer_format_version":"0.1.0","start_time_seconds":"1748767191","unity_version":"2022.3.47f1","command_line_arguments":"C:\\Program Files\\Unity\\Hub\\Editor\\2022.3.47f1\\Editor\\Unity.exe -projectpath C:\\Users\\user1\\Unity 2D Platformer for Complete Beginners -useHub -hubIPC -cloudEnvironment production -licensingIpc LicenseClient-vg0VF55r-odjDUuazSFaZ -hubSessionId 990c4b93-3a56-48ed-a968-6195ee4ef931 -accessToken JEkkASRBSPfFv8t3QVjqBA6cvUeSV874NwZu3dHT63s011f","communication_protocol_version":"1.5.0","com.unity.ml-agents_version":"2.0.1","scene_name":"BossTraining","end_time_seconds":"1748783503"}}