{"count":1,"self":31611.977727999998,"total":71501.327433,"children":{"InitializeActuators":{"count":1,"self":0.0030467,"total":0.0030467,"children":null},"InitializeSensors":{"count":1,"self":0.0025053,"total":0.0025053,"children":null},"AgentSendState":{"count":2577686,"self":64.18683519999999,"total":794.5990419,"children":{"CollectObservations":{"count":2577686,"self":579.9717376,"total":579.97173739999994,"children":null},"WriteActionMask":{"count":2577686,"self":10.834318399999999,"total":10.8343188,"children":null},"RequestDecision":{"count":2577686,"self":34.384953599999996,"total":139.6061503,"children":{"AgentInfo.ToProto":{"count":2577686,"self":32.615967999999995,"total":105.22119579999999,"children":{"GenerateSensorData":{"count":2577686,"self":72.605228799999992,"total":72.605229299999991,"children":null}}}}}}},"DecideAction":{"count":2577686,"self":38949.7192448,"total":38949.720628099996,"children":null},"AgentAct":{"count":2577686,"self":144.9551488,"total":144.9551463,"children":null},"AgentInfo.ToProto":{"count":1528,"self":0.0221639,"total":0.0674289,"children":{"GenerateSensorData":{"count":1528,"self":0.045265,"total":0.045265,"children":null}}}},"gauges":{"MyBehavior.CumulativeReward":{"count":1528,"max":5.53335476,"min":-12.379818,"runningAverage":-4.68334341,"value":0.849321961,"weightedAverage":-3.66975284}},"metadata":{"timer_format_version":"0.1.0","start_time_seconds":"1750345902","unity_version":"2022.3.47f1","command_line_arguments":"C:\\Program Files\\Unity\\Hub\\Editor\\2022.3.47f1\\Editor\\Unity.exe -projectpath C:\\Users\\user1\\Unity 2D Platformer for Complete Beginners -useHub -hubIPC -cloudEnvironment production -licensingIpc LicenseClient-user1 -hubSessionId 50c383a5-8e91-448b-a3c4-b6a036be9841 -accessToken ZfuzDQwd4d4TgVMIojWbeax3OjnrzgUs8SBQZW4zrjc011f","communication_protocol_version":"1.5.0","com.unity.ml-agents_version":"2.0.1","scene_name":"BossTraining","end_time_seconds":"1750417403"}}