{"count":1,"self":23615.0063104,"total":54446.8731909,"children":{"InitializeActuators":{"count":1,"self":0.0030025,"total":0.0030025,"children":null},"InitializeSensors":{"count":1,"self":0.0020393,"total":0.0020393,"children":null},"AgentSendState":{"count":3109621,"self":50.6810432,"total":645.37635119999993,"children":{"CollectObservations":{"count":3109621,"self":473.448448,"total":473.4484367,"children":null},"WriteActionMask":{"count":3109621,"self":7.9340439999999992,"total":7.9340439,"children":null},"RequestDecision":{"count":3109621,"self":29.1160896,"total":113.3128284,"children":{"AgentInfo.ToProto":{"count":3109621,"self":26.3442816,"total":84.1967389,"children":{"GenerateSensorData":{"count":3109621,"self":57.852460799999996,"total":57.852457799999996,"children":null}}}}}}},"DecideAction":{"count":3109621,"self":30064.043622399997,"total":30064.042193999998,"children":null},"AgentAct":{"count":3109621,"self":122.3705344,"total":122.3705363,"children":null},"AgentInfo.ToProto":{"count":2455,"self":0.023538299999999998,"total":0.0703723,"children":{"GenerateSensorData":{"count":2455,"self":0.046834,"total":0.046834,"children":null}}}},"gauges":{"MyBehavior.CumulativeReward":{"count":2455,"max":6.262029,"min":-12.2801695,"runningAverage":-2.56847787,"value":-7.46696424,"weightedAverage":-3.55372238}},"metadata":{"timer_format_version":"0.1.0","start_time_seconds":"1749489730","unity_version":"2022.3.47f1","command_line_arguments":"C:\\Program Files\\Unity\\Hub\\Editor\\2022.3.47f1\\Editor\\Unity.exe -projectpath C:\\Users\\user1\\Unity 2D Platformer for Complete Beginners -useHub -hubIPC -cloudEnvironment production -licensingIpc LicenseClient-vg0VF55r-odjDUuazSFaZ -hubSessionId 990c4b93-3a56-48ed-a968-6195ee4ef931 -accessToken T5X-InG727_Qled60J7zFP5Ub2cjkHhCqzQpSpX2I6k011f","communication_protocol_version":"1.5.0","com.unity.ml-agents_version":"2.0.1","scene_name":"BossTraining","end_time_seconds":"1749544176"}}