{"count":1,"self":25012.677836799998,"total":50834.507474699996,"children":{"InitializeActuators":{"count":1,"self":0.0035215,"total":0.0035215,"children":null},"InitializeSensors":{"count":1,"self":0.0035267,"total":0.0035267,"children":null},"AgentSendState":{"count":2165951,"self":40.548576,"total":497.19263159999997,"children":{"CollectObservations":{"count":2165951,"self":359.1058944,"total":359.1059021,"children":null},"WriteActionMask":{"count":2165951,"self":6.4954776,"total":6.4954773999999995,"children":null},"RequestDecision":{"count":2165951,"self":22.5959424,"total":91.0426772,"children":{"AgentInfo.ToProto":{"count":2165951,"self":21.4915408,"total":68.4467342,"children":{"GenerateSensorData":{"count":2165951,"self":46.9551936,"total":46.955193099999995,"children":null}}}}}}},"DecideAction":{"count":2165951,"self":25221.890047999997,"total":25221.8896307,"children":null},"AgentAct":{"count":2165951,"self":102.68900479999999,"total":102.68900509999999,"children":null},"AgentInfo.ToProto":{"count":1264,"self":0.020427,"total":0.047998099999999995,"children":{"GenerateSensorData":{"count":1264,"self":0.027571099999999998,"total":0.027571099999999998,"children":null}}}},"gauges":{"MyBehavior.CumulativeReward":{"count":1264,"max":6.10502768,"min":-12.14212,"runningAverage":-5.69933033,"value":-9.37159252,"weightedAverage":-8.776163}},"metadata":{"timer_format_version":"0.1.0","start_time_seconds":"1750530037","unity_version":"2022.3.47f1","command_line_arguments":"C:\\Program Files\\Unity\\Hub\\Editor\\2022.3.47f1\\Editor\\Unity.exe -projectpath C:\\Users\\user1\\Unity 2D Platformer for Complete Beginners -useHub -hubIPC -cloudEnvironment production -licensingIpc LicenseClient-user1 -hubSessionId 50c383a5-8e91-448b-a3c4-b6a036be9841 -accessToken CuH-I310gxlOpKJ6Shvi__44BttmsovLqe-Us0s4DGc011f","communication_protocol_version":"1.5.0","com.unity.ml-agents_version":"2.0.1","scene_name":"BossTraining","end_time_seconds":"1750580871"}}