{"count":1,"self":28105.657548799998,"total":56508.841914599994,"children":{"InitializeActuators":{"count":1,"self":0.0045227999999999996,"total":0.0045227999999999996,"children":null},"InitializeSensors":{"count":1,"self":0.0015222,"total":0.0015222,"children":null},"AgentSendState":{"count":2810081,"self":47.957910399999996,"total":585.7612871,"children":{"CollectObservations":{"count":2810081,"self":425.15087359999995,"total":425.1508675,"children":null},"WriteActionMask":{"count":2810081,"self":7.1785527999999994,"total":7.1785530999999994,"children":null},"RequestDecision":{"count":2810081,"self":26.467247999999998,"total":105.47395759999999,"children":{"AgentInfo.ToProto":{"count":2810081,"self":24.7514096,"total":79.0067104,"children":{"GenerateSensorData":{"count":2810081,"self":54.2553024,"total":54.255300299999995,"children":null}}}}}}},"DecideAction":{"count":2810081,"self":27707.7655552,"total":27707.765303199998,"children":null},"AgentAct":{"count":2810081,"self":109.570944,"total":109.5709454,"children":null},"AgentInfo.ToProto":{"count":2254,"self":0.0271338,"total":0.0773765,"children":{"GenerateSensorData":{"count":2254,"self":0.050242699999999994,"total":0.050242699999999994,"children":null}}}},"gauges":{"MyBehavior.CumulativeReward":{"count":2254,"max":6.407019,"min":-11.1069975,"runningAverage":0.699102759,"value":5.913013,"weightedAverage":3.65595245}},"metadata":{"timer_format_version":"0.1.0","start_time_seconds":"1749144116","unity_version":"2022.3.47f1","command_line_arguments":"C:\\Program Files\\Unity\\Hub\\Editor\\2022.3.47f1\\Editor\\Unity.exe -projectpath C:\\Users\\user1\\Unity 2D Platformer for Complete Beginners -useHub -hubIPC -cloudEnvironment production -licensingIpc LicenseClient-vg0VF55r-odjDUuazSFaZ -hubSessionId 990c4b93-3a56-48ed-a968-6195ee4ef931 -accessToken T5X-InG727_Qled60J7zFP5Ub2cjkHhCqzQpSpX2I6k011f","communication_protocol_version":"1.5.0","com.unity.ml-agents_version":"2.0.1","scene_name":"BossTraining","end_time_seconds":"1749200625"}}