{"count":1,"self":16522.4988672,"total":44777.3471432,"children":{"InitializeActuators":{"count":1,"self":0.011564,"total":0.011564,"children":null},"InitializeSensors":{"count":1,"self":0.0086702,"total":0.0086702,"children":null},"AgentSendState":{"count":1894903,"self":43.825113599999995,"total":534.3177985,"children":{"CollectObservations":{"count":1894903,"self":386.9878784,"total":386.9878898,"children":null},"WriteActionMask":{"count":1894903,"self":6.7826784,"total":6.7826784,"children":null},"RequestDecision":{"count":1894903,"self":24.636252799999998,"total":96.7221155,"children":{"AgentInfo.ToProto":{"count":1894903,"self":22.303262399999998,"total":72.085863199999991,"children":{"GenerateSensorData":{"count":1894903,"self":49.7826016,"total":49.782601,"children":null}}}}}}},"DecideAction":{"count":1894903,"self":27622.5196032,"total":27622.5204128,"children":null},"AgentAct":{"count":1894903,"self":97.9399808,"total":97.93997809999999,"children":null},"AgentInfo.ToProto":{"count":1181,"self":0.021164,"total":0.0465402,"children":{"GenerateSensorData":{"count":1181,"self":0.025376199999999998,"total":0.025376199999999998,"children":null}}}},"gauges":{"MyBehavior.CumulativeReward":{"count":1181,"max":4.81269169,"min":-13.0215044,"runningAverage":-5.98486567,"value":-0.841226935,"weightedAverage":-3.668068}},"metadata":{"timer_format_version":"0.1.0","start_time_seconds":"1750787080","unity_version":"2022.3.47f1","command_line_arguments":"C:\\Program Files\\Unity\\Hub\\Editor\\2022.3.47f1\\Editor\\Unity.exe -projectpath C:\\Users\\user1\\Unity 2D Platformer for Complete Beginners -useHub -hubIPC -cloudEnvironment production -licensingIpc LicenseClient-user1 -hubSessionId f4acb922-0c33-4c3b-9235-2ec11ae8e575 -accessToken hJl177eTySd2G-wrdZ2nmAyEiS_JReVgCPXWl0WQPf8011f","communication_protocol_version":"1.5.0","com.unity.ml-agents_version":"2.0.1","scene_name":"BossTraining","end_time_seconds":"1750831857"}}