{"count":1,"self":16578.420736,"total":74087.10301169999,"children":{"InitializeActuators":{"count":1,"self":0.0025128999999999998,"total":0.0025128999999999998,"children":null},"InitializeSensors":{"count":1,"self":0.0015141999999999998,"total":0.0015141999999999998,"children":null},"AgentSendState":{"count":5759194,"self":90.305222399999991,"total":1182.3787829,"children":{"CollectObservations":{"count":5759194,"self":869.5313408,"total":869.5313767,"children":null},"WriteActionMask":{"count":5759194,"self":14.699952,"total":14.699951599999999,"children":null},"RequestDecision":{"count":5759194,"self":50.7815776,"total":207.8422319,"children":{"AgentInfo.ToProto":{"count":5759194,"self":49.2378272,"total":157.0606546,"children":{"GenerateSensorData":{"count":5759194,"self":107.82282239999999,"total":107.82282869999999,"children":null}}}}}}},"DecideAction":{"count":5759194,"self":56102.250086399996,"total":56102.2474535,"children":null},"AgentAct":{"count":5759194,"self":223.873664,"total":223.87366649999998,"children":null},"AgentInfo.ToProto":{"count":5221,"self":0.050382699999999996,"total":0.1726487,"children":{"GenerateSensorData":{"count":5221,"self":0.122266,"total":0.122266,"children":null}}}},"gauges":{"MyBehavior.CumulativeReward":{"count":5221,"max":6.484017,"min":-10.5839186,"runningAverage":1.1572969,"value":2.74181366E-06,"weightedAverage":-0.208102211}},"metadata":{"timer_format_version":"0.1.0","start_time_seconds":"1749552972","unity_version":"2022.3.47f1","command_line_arguments":"C:\\Program Files\\Unity\\Hub\\Editor\\2022.3.47f1\\Editor\\Unity.exe -projectpath C:\\Users\\user1\\Unity 2D Platformer for Complete Beginners -useHub -hubIPC -cloudEnvironment production -licensingIpc LicenseClient-vg0VF55r-odjDUuazSFaZ -hubSessionId 990c4b93-3a56-48ed-a968-6195ee4ef931 -accessToken T5X-InG727_Qled60J7zFP5Ub2cjkHhCqzQpSpX2I6k011f","communication_protocol_version":"1.5.0","com.unity.ml-agents_version":"2.0.1","scene_name":"BossTraining","end_time_seconds":"1749627059"}}