{"count":1,"self":8787.8787072,"total":42282.8125254,"children":{"InitializeActuators":{"count":1,"self":0.0055195999999999995,"total":0.0055195999999999995,"children":null},"InitializeSensors":{"count":1,"self":0.0055178,"total":0.0055178,"children":null},"AgentSendState":{"count":3479373,"self":53.958105599999996,"total":702.22857909999993,"children":{"CollectObservations":{"count":3479373,"self":516.5979136,"total":516.5978973,"children":null},"WriteActionMask":{"count":3479373,"self":8.7660527999999989,"total":8.7660529,"children":null},"RequestDecision":{"count":3479373,"self":31.5202304,"total":122.90652469999999,"children":{"AgentInfo.ToProto":{"count":3479373,"self":28.1984864,"total":91.3862936,"children":{"GenerateSensorData":{"count":3479373,"self":63.187808,"total":63.187808499999996,"children":null}}}}}}},"DecideAction":{"count":3479373,"self":32668.608102399998,"total":32668.6065308,"children":null},"AgentAct":{"count":3479373,"self":123.9818368,"total":123.9818384,"children":null},"AgentInfo.ToProto":{"count":2984,"self":0.0384122,"total":0.10563049999999999,"children":{"GenerateSensorData":{"count":2984,"self":0.0672183,"total":0.0672183,"children":null}}}},"gauges":{"MyBehavior.CumulativeReward":{"count":2984,"max":6.480016,"min":-11.7341261,"runningAverage":2.414795,"value":1.81497538,"weightedAverage":3.65760136}},"metadata":{"timer_format_version":"0.1.0","start_time_seconds":"1749325725","unity_version":"2022.3.47f1","command_line_arguments":"C:\\Program Files\\Unity\\Hub\\Editor\\2022.3.47f1\\Editor\\Unity.exe -projectpath C:\\Users\\user1\\Unity 2D Platformer for Complete Beginners -useHub -hubIPC -cloudEnvironment production -licensingIpc LicenseClient-vg0VF55r-odjDUuazSFaZ -hubSessionId 990c4b93-3a56-48ed-a968-6195ee4ef931 -accessToken T5X-InG727_Qled60J7zFP5Ub2cjkHhCqzQpSpX2I6k011f","communication_protocol_version":"1.5.0","com.unity.ml-agents_version":"2.0.1","scene_name":"Level 1 - Easy","end_time_seconds":"1749368008"}}