{"count":1,"self":24668.85632,"total":96167.4552438,"children":{"InitializeActuators":{"count":1,"self":0.0020077,"total":0.0020077,"children":null},"InitializeSensors":{"count":1,"self":0.0015578999999999999,"total":0.0015578999999999999,"children":null},"AgentSendState":{"count":4239421,"self":56.2107648,"total":653.8817806,"children":{"CollectObservations":{"count":4239421,"self":459.18545919999997,"total":459.1854436,"children":null},"WriteActionMask":{"count":4239421,"self":8.622710399999999,"total":8.6227103,"children":null},"RequestDecision":{"count":4239421,"self":31.836467199999998,"total":129.862864,"children":{"AgentInfo.ToProto":{"count":4239421,"self":29.392476799999997,"total":98.026398,"children":{"GenerateSensorData":{"count":4239421,"self":68.63392,"total":68.6339227,"children":null}}}}}}},"DecideAction":{"count":4239421,"self":67518.1428736,"total":67518.1400823,"children":null},"AgentAct":{"count":4239421,"self":3326.4818176,"total":3326.4817789,"children":null},"AgentInfo.ToProto":{"count":3503,"self":0.0313093,"total":0.08901669999999999,"children":{"GenerateSensorData":{"count":3503,"self":0.0577074,"total":0.0577074,"children":null}}}},"gauges":{"MyBehavior.CumulativeReward":{"count":3503,"max":171.778137,"min":22.9134254,"runningAverage":120.04171,"value":147.490433,"weightedAverage":140.336}},"metadata":{"timer_format_version":"0.1.0","start_time_seconds":"1755797215","unity_version":"2022.3.47f1","command_line_arguments":"C:\\Program Files\\Unity\\Hub\\Editor\\2022.3.47f1\\Editor\\Unity.exe -projectpath C:\\Users\\user1\\Unity 2D Platformer for Complete Beginners -useHub -hubIPC -cloudEnvironment production -licensingIpc LicenseClient-user1 -hubSessionId 1431e9dc-6c1c-4004-88c0-e6c7b31cbc84 -accessToken hTC3MV2-0aKR-da9Hp7OT13ioVMD-iL786MWu_8Z7XA011f","communication_protocol_version":"1.5.0","com.unity.ml-agents_version":"2.0.1","scene_name":"NewPlayerTraining","end_time_seconds":"1755893382"}}