{
    "name": "root",
    "metadata": {
        "timer_format_version": "0.1.0",
        "start_time_seconds": "1755611981",
        "python_version": "3.9.9 (tags/v3.9.9:ccb0e6a, Nov 15 2021, 18:08:50) [MSC v.1929 64 bit (AMD64)]",
        "command_line_arguments": "C:\\Users\\user1\\Unity 2D Platformer for Complete Beginners\\myenv39\\Scripts\\mlagents-learn config/config.yaml --run-id=NewBossTrain2 --time-scale=3 --resume",
        "mlagents_version": "0.26.0",
        "mlagents_envs_version": "0.26.0",
        "communication_protocol_version": "1.5.0",
        "pytorch_version": "2.7.0+cu118",
        "numpy_version": "1.21.2",
        "end_time_seconds": "1755612031"
    },
    "total": 50.125931400000006,
    "count": 1,
    "self": 0.013299299999999903,
    "children": {
        "run_training.setup": {
            "total": 0.2442196000000001,
            "count": 1,
            "self": 0.2442196000000001
        },
        "TrainerController.start_learning": {
            "total": 49.868412500000005,
            "count": 1,
            "self": 0.03645369999995296,
            "children": {
                "TrainerController._reset_env": {
                    "total": 24.941402500000002,
                    "count": 1,
                    "self": 24.941402500000002
                },
                "TrainerController.advance": {
                    "total": 24.555262000000056,
                    "count": 1513,
                    "self": 0.03284840000032574,
                    "children": {
                        "env_step": {
                            "total": 24.14491809999987,
                            "count": 1513,
                            "self": 10.861216800000143,
                            "children": {
                                "SubprocessEnvManager._take_step": {
                                    "total": 13.26069229999986,
                                    "count": 1513,
                                    "self": 0.13072359999999605,
                                    "children": {
                                        "TorchPolicy.evaluate": {
                                            "total": 13.129968699999864,
                                            "count": 1513,
                                            "self": 2.6168821999998784,
                                            "children": {
                                                "TorchPolicy.sample_actions": {
                                                    "total": 10.513086499999986,
                                                    "count": 1513,
                                                    "self": 10.513086499999986
                                                }
                                            }
                                        }
                                    }
                                },
                                "workers": {
                                    "total": 0.02300899999986683,
                                    "count": 1512,
                                    "self": 0.0,
                                    "children": {
                                        "worker_root": {
                                            "total": 28.45345079999992,
                                            "count": 1512,
                                            "is_parallel": true,
                                            "self": 19.585965299999863,
                                            "children": {
                                                "steps_from_proto": {
                                                    "total": 0.0005882999999968774,
                                                    "count": 1,
                                                    "is_parallel": true,
                                                    "self": 0.0002846000000005233,
                                                    "children": {
                                                        "_process_rank_one_or_two_observation": {
                                                            "total": 0.0003036999999963541,
                                                            "count": 2,
                                                            "is_parallel": true,
                                                            "self": 0.0003036999999963541
                                                        }
                                                    }
                                                },
                                                "UnityEnvironment.step": {
                                                    "total": 8.86689720000006,
                                                    "count": 1512,
                                                    "is_parallel": true,
                                                    "self": 0.14596720000031027,
                                                    "children": {
                                                        "UnityEnvironment._generate_step_input": {
                                                            "total": 0.1347182999998573,
                                                            "count": 1512,
                                                            "is_parallel": true,
                                                            "self": 0.1347182999998573
                                                        },
                                                        "communicator.exchange": {
                                                            "total": 8.055618099999887,
                                                            "count": 1512,
                                                            "is_parallel": true,
                                                            "self": 8.055618099999887
                                                        },
                                                        "steps_from_proto": {
                                                            "total": 0.5305936000000067,
                                                            "count": 1512,
                                                            "is_parallel": true,
                                                            "self": 0.3457174000002645,
                                                            "children": {
                                                                "_process_rank_one_or_two_observation": {
                                                                    "total": 0.18487619999974214,
                                                                    "count": 3024,
                                                                    "is_parallel": true,
                                                                    "self": 0.18487619999974214
                                                                }
                                                            }
                                                        }
                                                    }
                                                }
                                            }
                                        }
                                    }
                                }
                            }
                        },
                        "trainer_advance": {
                            "total": 0.3774954999998599,
                            "count": 1512,
                            "self": 0.0418803999997337,
                            "children": {
                                "process_trajectory": {
                                    "total": 0.3356151000001262,
                                    "count": 1512,