{
    "name": "root",
    "gauges": {
        "MyBehavior.Policy.Entropy.mean": {
            "value": 4.270129203796387,
            "min": 3.903773784637451,
            "max": 4.270129203796387,
            "count": 93
        },
        "MyBehavior.Policy.Entropy.sum": {
            "value": 42586.0,
            "min": 35411.15234375,
            "max": 42908.2890625,
            "count": 93
        },
        "MyBehavior.Step.mean": {
            "value": 929967.0,
            "min": 9947.0,
            "max": 929967.0,
            "count": 93
        },
        "MyBehavior.Step.sum": {
            "value": 929967.0,
            "min": 9947.0,
            "max": 929967.0,
            "count": 93
        },
        "MyBehavior.Policy.ExtrinsicValueEstimate.mean": {
            "value": -0.29095742106437683,
            "min": -0.5683867335319519,
            "max": 0.8317707180976868,
            "count": 93
        },
        "MyBehavior.Policy.ExtrinsicValueEstimate.sum": {
            "value": -46.262229919433594,
            "min": -92.07865142822266,
            "max": 134.8860626220703,
            "count": 93
        },
        "MyBehavior.Policy.CuriosityValueEstimate.mean": {
            "value": 0.7051264643669128,
            "min": 0.0770951360464096,
            "max": 0.7163957357406616,
            "count": 93
        },
        "MyBehavior.Policy.CuriosityValueEstimate.sum": {
            "value": 112.11510467529297,
            "min": 12.720697402954102,
            "max": 114.62332153320312,
            "count": 93
        },
        "MyBehavior.Environment.EpisodeLength.mean": {
            "value": 1618.5,
            "min": 624.0714285714286,
            "max": 1972.4,
            "count": 93
        },
        "MyBehavior.Environment.EpisodeLength.sum": {
            "value": 9711.0,
            "min": 8260.0,
            "max": 12060.0,
            "count": 93
        },
        "MyBehavior.Environment.CumulativeReward.mean": {
            "value": -5.745284030058731,
            "min": -5.9973407571204005,
            "max": -4.689575565804262,
            "count": 93
        },
        "MyBehavior.Environment.CumulativeReward.sum": {
            "value": -34.47170418035239,
            "min": -93.05331170279533,
            "max": -26.915003528818488,
            "count": 93
        },
        "MyBehavior.Policy.ExtrinsicReward.mean": {
            "value": -5.745284030058731,
            "min": -5.9973407571204005,
            "max": -4.689575565804262,
            "count": 93
        },
        "MyBehavior.Policy.ExtrinsicReward.sum": {
            "value": -34.47170418035239,
            "min": -93.05331170279533,
            "max": -26.915003528818488,
            "count": 93
        },
        "MyBehavior.Policy.CuriosityReward.mean": {
            "value": 12.129280547300974,
            "min": 0.0,
            "max": 15.422459159791469,
            "count": 93
        },
        "MyBehavior.Policy.CuriosityReward.sum": {
            "value": 72.77568328380585,
            "min": 0.0,
            "max": 169.1258698552847,
            "count": 93
        },
        "MyBehavior.IsTraining.mean": {
            "value": 1.0,
            "min": 1.0,
            "max": 1.0,
            "count": 93
        },
        "MyBehavior.IsTraining.sum": {
            "value": 1.0,
            "min": 1.0,
            "max": 1.0,
            "count": 93
        },
        "MyBehavior.Losses.PolicyLoss.mean": {
            "value": 0.09870273038037479,
            "min": 0.09380300687730479,
            "max": 0.10284443734697281,
            "count": 46
        },
        "MyBehavior.Losses.PolicyLoss.sum": {
            "value": 0.09870273038037479,
            "min": 0.09380300687730479,
            "max": 0.10284443734697281,
            "count": 46
        },
        "MyBehavior.Losses.ValueLoss.mean": {
            "value": 0.013610305959912531,
            "min": 0.013610305959912531,
            "max": 0.08543808359163216,
            "count": 46
        },
        "MyBehavior.Losses.ValueLoss.sum": {
            "value": 0.013610305959912531,
            "min": 0.013610305959912531,
            "max": 0.08543808359163216,
            "count": 46
        },
        "MyBehavior.Policy.LearningRate.mean": {
            "value": 9.077725922275001e-05,
            "min": 9.077725922275001e-05,
            "max": 9.979045020955e-05,
            "count": 46
        },
        "MyBehavior.Policy.LearningRate.sum": {
            "value": 9.077725922275001e-05,
            "min": 9.077725922275001e-05,
            "max": 9.979045020955e-05,
            "count": 46
        },
        "MyBehavior.Policy.Epsilon.mean": {
            "value": 0.236165875,
            "min": 0.236165875,
            "max": 0.249685675,
            "count": 46
        },
        "MyBehavior.Policy.Epsilon.sum": {
            "value": 0.236165875,
            "min": 0.236165875,
            "max": 0.249685675,
            "count": 46
        },
        "MyBehavior.Policy.Beta.mean": {
            "value": 0.009078647275000002,
            "min": 0.009078647275000002,
            "max": 0.009979065955,
            "count": 46
        },
        "MyBehavior.Policy.Beta.sum": {
            "value": 0.009078647275000002,
            "min": 0.009078647275000002,
            "max": 0.009979065955,
            "count": 46
        },
        "MyBehavior.Losses.CuriosityForwardLoss.mean": {
            "value": 0.0760220141024687,
            "min": 0.059425253861437974,
            "max": 4.441914960180815,
            "count": 46
        },
        "MyBehavior.Losses.CuriosityForwardLoss.sum": {
            "value": 0.0760220141024687,
            "min": 0.059425253861437974,
            "max": 4.441914960180815,
            "count": 46
        },
        "MyBehavior.Losses.CuriosityInverseLoss.mean": {
            "value": 7.0129528901515865,
            "min": 3.5175443356617904,
            "max": 7.0129528901515865,
            "count": 46
        },
        "MyBehavior.Losses.CuriosityInverseLoss.sum": {
            "value": 7.0129528901515865,
            "min": 3.5175443356617904,
            "max": 7.0129528901515865,
            "count": 46
        }
    },
    "metadata": {
        "timer_format_version": "0.1.0",
        "start_time_seconds": "1747297199",
        "python_version": "3.9.9 (tags/v3.9.9:ccb0e6a, Nov 15 2021, 18:08:50) [MSC v.1929 64 bit (AMD64)]",
        "command_line_arguments": "C:\\Users\\user1\\Unity 2D Platformer for Complete Beginners\\myenv39\\Scripts\\mlagents-learn config/config.yaml --run-id=BossPart1 --resume",
        "mlagents_version": "0.26.0",
        "mlagents_envs_version": "0.26.0",
        "communication_protocol_version": "1.5.0",
        "pytorch_version": "2.7.0+cu118",
        "numpy_version": "1.21.2",
        "end_time_seconds": "1747317751"
    },
    "total": 20556.9020299,
    "count": 1,
    "self": 0.026001399997767294,
    "children": {
        "run_training.setup": {
            "total": 0.2523561000000001,
            "count": 1,
            "self": 0.2523561000000001
        },
        "TrainerController.start_learning": {
            "total": 20556.6236724,
            "count": 1,
            "self": 20.32925419988169,
            "children": {
                "TrainerController._reset_env": {
                    "total": 17.4814352,
                    "count": 1,
                    "self": 17.4814352
                },
                "TrainerController.advance": {
                    "total": 20518.50040850012,
                    "count": 932097,
                    "self": 19.96192230087763,
                    "children": {
                        "env_step": {
                            "total": 17638.826703999966,
                            "count": 932097,
                            "self": 3972.4896887003633,