{
    "name": "root",
    "gauges": {
        "MyBehavior.Policy.Entropy.mean": {
            "value": 4.788577556610107,
            "min": 3.718442678451538,
            "max": 4.7897868156433105,
            "count": 192
        },
        "MyBehavior.Policy.Entropy.sum": {
            "value": 48039.0078125,
            "min": 33528.6484375,
            "max": 48039.0078125,
            "count": 192
        },
        "MyBehavior.Step.mean": {
            "value": 1919991.0,
            "min": 9962.0,
            "max": 1919991.0,
            "count": 192
        },
        "MyBehavior.Step.sum": {
            "value": 1919991.0,
            "min": 9962.0,
            "max": 1919991.0,
            "count": 192
        },
        "MyBehavior.Policy.ExtrinsicValueEstimate.mean": {
            "value": 0.6766878962516785,
            "min": 0.0001874321751529351,
            "max": 1.353755235671997,
            "count": 192
        },
        "MyBehavior.Policy.ExtrinsicValueEstimate.sum": {
            "value": 129.2473907470703,
            "min": 0.03017657995223999,
            "max": 219.308349609375,
            "count": 192
        },
        "MyBehavior.Policy.CuriosityValueEstimate.mean": {
            "value": 7.025033950805664,
            "min": -0.5988428592681885,
            "max": 7.025033950805664,
            "count": 192
        },
        "MyBehavior.Policy.CuriosityValueEstimate.sum": {
            "value": 1341.781494140625,
            "min": -96.63386535644531,
            "max": 1341.781494140625,
            "count": 192
        },
        "MyBehavior.Environment.EpisodeLength.mean": {
            "value": 120.5609756097561,
            "min": 119.8433734939759,
            "max": 882.4166666666666,
            "count": 192
        },
        "MyBehavior.Environment.EpisodeLength.sum": {
            "value": 9886.0,
            "min": 8379.0,
            "max": 10767.0,
            "count": 192
        },
        "MyBehavior.Environment.CumulativeReward.mean": {
            "value": 1.1612999973908427,
            "min": -0.8668222007755604,
            "max": 1.198899991972291,
            "count": 192
        },
        "MyBehavior.Environment.CumulativeReward.sum": {
            "value": 96.38789978343993,
            "min": -15.602799613960087,
            "max": 96.38789978343993,
            "count": 192
        },
        "MyBehavior.Policy.ExtrinsicReward.mean": {
            "value": 1.1612999973908427,
            "min": -0.8668222007755604,
            "max": 1.198899991972291,
            "count": 192
        },
        "MyBehavior.Policy.ExtrinsicReward.sum": {
            "value": 96.38789978343993,
            "min": -15.602799613960087,
            "max": 96.38789978343993,
            "count": 192
        },
        "MyBehavior.Policy.CuriosityReward.mean": {
            "value": 0.7165767656504569,
            "min": 0.0,
            "max": 26.614064348861575,
            "count": 192
        },
        "MyBehavior.Policy.CuriosityReward.sum": {
            "value": 59.475871548987925,
            "min": 0.0,
            "max": 425.8250295817852,
            "count": 192
        },
        "MyBehavior.IsTraining.mean": {
            "value": 1.0,
            "min": 1.0,
            "max": 1.0,
            "count": 192
        },
        "MyBehavior.IsTraining.sum": {
            "value": 1.0,
            "min": 1.0,
            "max": 1.0,
            "count": 192
        },
        "MyBehavior.Losses.PolicyLoss.mean": {
            "value": 0.09564523640437983,
            "min": 0.09429598437955443,
            "max": 0.10514787235148013,
            "count": 95
        },
        "MyBehavior.Losses.PolicyLoss.sum": {
            "value": 0.09564523640437983,
            "min": 0.09429598437955443,
            "max": 0.10514787235148013,
            "count": 95
        },
        "MyBehavior.Losses.ValueLoss.mean": {
            "value": 0.316207035498407,
            "min": 0.0034613924410503106,
            "max": 0.316207035498407,
            "count": 95
        },
        "MyBehavior.Losses.ValueLoss.sum": {
            "value": 0.316207035498407,
            "min": 0.0034613924410503106,
            "max": 0.316207035498407,
            "count": 95
        },
        "MyBehavior.Policy.LearningRate.mean": {
            "value": 8.096366903635002e-05,
            "min": 8.096366903635002e-05,
            "max": 9.978554021446e-05,
            "count": 95
        },
        "MyBehavior.Policy.LearningRate.sum": {
            "value": 8.096366903635002e-05,
            "min": 8.096366903635002e-05,
            "max": 9.978554021446e-05,
            "count": 95
        },
        "MyBehavior.Policy.Epsilon.mean": {
            "value": 0.2214454749999999,
            "min": 0.2214454749999999,
            "max": 0.24967831,
            "count": 95
        },
        "MyBehavior.Policy.Epsilon.sum": {
            "value": 0.2214454749999999,
            "min": 0.2214454749999999,
            "max": 0.24967831,
            "count": 95
        },
        "MyBehavior.Policy.Beta.mean": {
            "value": 0.008098268635000001,
            "min": 0.008098268635000001,
            "max": 0.009978575446,
            "count": 95
        },
        "MyBehavior.Policy.Beta.sum": {
            "value": 0.008098268635000001,
            "min": 0.008098268635000001,
            "max": 0.009978575446,
            "count": 95
        },
        "MyBehavior.Losses.CuriosityForwardLoss.mean": {
            "value": 0.057847063549650975,
            "min": 0.049375524141419776,
            "max": 6.084774097117285,
            "count": 95
        },
        "MyBehavior.Losses.CuriosityForwardLoss.sum": {
            "value": 0.057847063549650975,
            "min": 0.049375524141419776,
            "max": 6.084774097117285,
            "count": 95
        },
        "MyBehavior.Losses.CuriosityInverseLoss.mean": {
            "value": 13.082600238231512,
            "min": 2.4845693399890876,
            "max": 13.082600238231512,
            "count": 95
        },
        "MyBehavior.Losses.CuriosityInverseLoss.sum": {
            "value": 13.082600238231512,
            "min": 2.4845693399890876,
            "max": 13.082600238231512,
            "count": 95
        }
    },
    "metadata": {
        "timer_format_version": "0.1.0",
        "start_time_seconds": "1747763898",
        "python_version": "3.9.9 (tags/v3.9.9:ccb0e6a, Nov 15 2021, 18:08:50) [MSC v.1929 64 bit (AMD64)]",
        "command_line_arguments": "C:\\Users\\user1\\Unity 2D Platformer for Complete Beginners\\myenv39\\Scripts\\mlagents-learn config/config.yaml --run-id=BossPart1Try3 --time-scale=1 --resume",
        "mlagents_version": "0.26.0",
        "mlagents_envs_version": "0.26.0",
        "communication_protocol_version": "1.5.0",
        "pytorch_version": "2.7.0+cu118",
        "numpy_version": "1.21.2",
        "end_time_seconds": "1747807210"
    },
    "total": 43312.1217545,
    "count": 1,
    "self": 0.028922900004545227,
    "children": {
        "run_training.setup": {
            "total": 0.30241020000000063,
            "count": 1,
            "self": 0.30241020000000063
        },
        "TrainerController.start_learning": {
            "total": 43311.7904214,
            "count": 1,
            "self": 50.05693220462126,
            "children": {
                "TrainerController._reset_env": {
                    "total": 29.9406477,
                    "count": 1,
                    "self": 29.9406477
                },
                "TrainerController.advance": {
                    "total": 43231.55390389538,
                    "count": 1925643,
                    "self": 48.56224319469766,
                    "children": {
                        "env_step": {
                            "total": 37176.18097209968,
                            "count": 1925643,