{
    "name": "root",
    "gauges": {
        "MyBehavior.Policy.Entropy.mean": {
            "value": 3.9043571949005127,
            "min": 3.903219223022461,
            "max": 3.9043571949005127,
            "count": 2
        },
        "MyBehavior.Policy.Entropy.sum": {
            "value": 39012.3359375,
            "min": 4223.283203125,
            "max": 39012.3359375,
            "count": 2
        },
        "MyBehavior.Step.mean": {
            "value": 59984.0,
            "min": 49992.0,
            "max": 59984.0,
            "count": 2
        },
        "MyBehavior.Step.sum": {
            "value": 59984.0,
            "min": 49992.0,
            "max": 59984.0,
            "count": 2
        },
        "MyBehavior.Policy.ExtrinsicValueEstimate.mean": {
            "value": -0.3039720058441162,
            "min": -0.3039720058441162,
            "max": -0.289091020822525,
            "count": 2
        },
        "MyBehavior.Policy.ExtrinsicValueEstimate.sum": {
            "value": -50.4593505859375,
            "min": -50.4593505859375,
            "max": -4.6254563331604,
            "count": 2
        },
        "MyBehavior.Policy.CuriosityValueEstimate.mean": {
            "value": -0.7808477282524109,
            "min": -0.7808477282524109,
            "max": -0.7583378553390503,
            "count": 2
        },
        "MyBehavior.Policy.CuriosityValueEstimate.sum": {
            "value": -129.6207275390625,
            "min": -129.6207275390625,
            "max": -12.133405685424805,
            "count": 2
        },
        "MyBehavior.Environment.EpisodeLength.mean": {
            "value": 531.6315789473684,
            "min": 505.0,
            "max": 531.6315789473684,
            "count": 2
        },
        "MyBehavior.Environment.EpisodeLength.sum": {
            "value": 10101.0,
            "min": 505.0,
            "max": 10101.0,
            "count": 2
        },
        "MyBehavior.Environment.CumulativeReward.mean": {
            "value": -10.203669263270536,
            "min": -10.203669263270536,
            "max": -10.110100978985429,
            "count": 2
        },
        "MyBehavior.Environment.CumulativeReward.sum": {
            "value": -193.8697160021402,
            "min": -193.8697160021402,
            "max": -10.110100978985429,
            "count": 2
        },
        "MyBehavior.Policy.ExtrinsicReward.mean": {
            "value": -10.203669263270536,
            "min": -10.203669263270536,
            "max": -10.110100978985429,
            "count": 2
        },
        "MyBehavior.Policy.ExtrinsicReward.sum": {
            "value": -193.8697160021402,
            "min": -193.8697160021402,
            "max": -10.110100978985429,
            "count": 2
        },
        "MyBehavior.Policy.CuriosityReward.mean": {
            "value": 0.0,
            "min": 0.0,
            "max": 0.0,
            "count": 2
        },
        "MyBehavior.Policy.CuriosityReward.sum": {
            "value": 0.0,
            "min": 0.0,
            "max": 0.0,
            "count": 2
        },
        "MyBehavior.IsTraining.mean": {
            "value": 1.0,
            "min": 1.0,
            "max": 1.0,
            "count": 2
        },
        "MyBehavior.IsTraining.sum": {
            "value": 1.0,
            "min": 1.0,
            "max": 1.0,
            "count": 2
        }
    },
    "metadata": {
        "timer_format_version": "0.1.0",
        "start_time_seconds": "1755671754",
        "python_version": "3.9.9 (tags/v3.9.9:ccb0e6a, Nov 15 2021, 18:08:50) [MSC v.1929 64 bit (AMD64)]",
        "command_line_arguments": "C:\\Users\\user1\\Unity 2D Platformer for Complete Beginners\\myenv39\\Scripts\\mlagents-learn config/config.yaml --run-id=NewBossTrain5 --time-scale=3 --resume",
        "mlagents_version": "0.26.0",
        "mlagents_envs_version": "0.26.0",
        "communication_protocol_version": "1.5.0",
        "pytorch_version": "2.7.0+cu118",
        "numpy_version": "1.21.2",
        "end_time_seconds": "1755672050"
    },
    "total": 296.5048731,
    "count": 1,
    "self": 0.03132310000000871,
    "children": {
        "run_training.setup": {
            "total": 0.2529187000000004,
            "count": 1,
            "self": 0.2529187000000004
        },
        "TrainerController.start_learning": {
            "total": 296.2206313,
            "count": 1,
            "self": 0.40055159999911893,
            "children": {
                "TrainerController._reset_env": {
                    "total": 14.448064900000002,
                    "count": 1,
                    "self": 14.448064900000002
                },
                "TrainerController.advance": {
                    "total": 281.0161544000008,
                    "count": 18396,
                    "self": 0.3845494999995367,
                    "children": {
                        "env_step": {
                            "total": 276.61542030000095,
                            "count": 18396,
                            "self": 123.4276494000004,
                            "children": {
                                "SubprocessEnvManager._take_step": {
                                    "total": 152.92558069999916,
                                    "count": 18396,
                                    "self": 1.4221952999984069,
                                    "children": {
                                        "TorchPolicy.evaluate": {
                                            "total": 151.50338540000075,
                                            "count": 18396,
                                            "self": 33.08785520000214,
                                            "children": {
                                                "TorchPolicy.sample_actions": {
                                                    "total": 118.41553019999861,
                                                    "count": 18396,
                                                    "self": 118.41553019999861
                                                }
                                            }
                                        }
                                    }
                                },
                                "workers": {
                                    "total": 0.26219020000138116,
                                    "count": 18395,
                                    "self": 0.0,
                                    "children": {
                                        "worker_root": {
                                            "total": 284.5222248000004,
                                            "count": 18395,
                                            "is_parallel": true,
                                            "self": 184.14753920000075,
                                            "children": {
                                                "steps_from_proto": {
                                                    "total": 0.0005003999999999564,
                                                    "count": 1,
                                                    "is_parallel": true,
                                                    "self": 0.0002875000000006622,
                                                    "children": {
                                                        "_process_rank_one_or_two_observation": {
                                                            "total": 0.0002128999999992942,
                                                            "count": 2,
                                                            "is_parallel": true,
                                                            "self": 0.0002128999999992942
                                                        }
                                                    }
                                                },